State,APMC's,Commodity,Min Price,Modal Price,Max Price,Date
ODISHA,SAKHIGOPAL,COCONUT,7,7,35,10-09-2025
ANDHRA PRADESH,KURNOOL,ONION,201,"1,200","1,209",10-09-2025
HARYANA,INDRI,PADDY-BASMATI1509,"1,600","3,200","3,410",10-09-2025
RAJASTHAN,KOTA,WHEAT,"2,241","2,610","2,671",10-09-2025
RAJASTHAN,UDAIPUR F AND V,COCONUT,15,15,25,10-09-2025
ANDHRA PRADESH,ANANTHAPURAMU,MOUSAMBI,300,"1,000","1,650",10-09-2025
RAJASTHAN,KOTA,GARLIC,"4,650","7,425","8,050",10-09-2025
GUJARAT,JASDAN,COTTON-LOOSE,"6,120","6,230","6,900",10-09-2025
MAHARASHTRA,RAHURI,ONION RED,250,950,"1,385",10-09-2025
RAJASTHAN,BARAN,MUSTARD,"6,455","6,588","6,999",10-09-2025
TAMIL NADU,GINGEE,PADDY(75 KG),"1,492","2,359","4,167",10-09-2025
ODISHA,SAKHIGOPAL,COCONUT,7,7,35,10-09-2025
ANDHRA PRADESH,KURNOOL,ONION,201,"1,200","1,209",10-09-2025
HARYANA,INDRI,PADDY-BASMATI1509,"1,600","3,200","3,410",10-09-2025
RAJASTHAN,KOTA,WHEAT,"2,241","2,610","2,671",10-09-2025
RAJASTHAN,UDAIPUR F AND V,COCONUT,15,15,25,10-09-2025
ANDHRA PRADESH,ANANTHAPURAMU,MOUSAMBI,300,"1,000","1,650",10-09-2025
RAJASTHAN,KOTA,GARLIC,"4,650","7,425","8,050",10-09-2025
GUJARAT,JASDAN,COTTON-LOOSE,"6,120","6,230","6,900",10-09-2025
MAHARASHTRA,RAHURI,ONION RED,250,950,"1,385",10-09-2025
RAJASTHAN,BARAN,MUSTARD,"6,455","6,588","6,999",10-09-2025
TAMIL NADU,GINGEE,PADDY(75 KG),"1,492","2,359","4,167",10-09-2025
RAJASTHAN,JAIPUR F AND V MUHANA,TOMATO,"1,700","2,500","2,500",10-09-2025
TAMIL NADU,POLUR,PADDY RNR (TN),"1,772","2,346","2,614",10-09-2025
HARYANA,TARAORI,PADDY-BASMATI1509,"2,450","2,875","3,251",10-09-2025
ODISHA,KENDRAPARA,COCONUT,14,14,14,10-09-2025
UTTAR PRADESH,BAHRAICH,PADDY,"2,200","2,200","2,900",10-09-2025
CHHATTISGARH,BHATAPARA,PADDY COMMON,"1,840","2,000","2,380",10-09-2025
TAMIL NADU,CUDDALORE OT,COCONUT,10,10,10,10-09-2025
MAHARASHTRA,AMRAVATI,TUR/ARHAR,"6,000","6,244","6,639",10-09-2025
TAMIL NADU,CHETPET,PADDY(75 KG),"1,280","2,582","2,808",10-09-2025
RAJASTHAN,JAIPUR F AND V MUHANA,POTATO,800,"1,300","1,300",10-09-2025
ANDHRA PRADESH,YEMMIGANUR,GROUND NUT,"3,010","5,920","7,490",10-09-2025
RAJASTHAN,SIKAR,ONION,400,600,"1,300",10-09-2025
MADHYA PRADESH,KRISHI UPAJ MANDI SAMITI-DHAMNOD,MAIZE,"1,450","1,561","1,653",10-09-2025
MADHYA PRADESH,CHHINDWARA,WHEAT,"2,650","2,705","2,799",10-09-2025
RAJASTHAN,NIMBAHERA,WHEAT,"2,646","2,730","2,941",10-09-2025
MADHYA PRADESH,KHANDWA,WHEAT,"2,400","2,690","2,891",10-09-2025
MADHYA PRADESH,VIDISHA,WHEAT,"2,536","2,741","3,320",10-09-2025
RAJASTHAN,JODHPUR F AND V,TOMATO,"1,200","1,500","4,000",10-09-2025
HARYANA,ADAMPUR,GUAR SEEDS,"3,200","4,700","4,860",10-09-2025
MADHYA PRADESH,BIAORA,WHEAT,"2,539","2,610","2,673",10-09-2025
ANDHRA PRADESH,RAVULAPALEM APMC,BANANA KARPURA,"2,000","2,200","2,200",10-09-2025
MADHYA PRADESH,ASHOKNAGAR,WHEAT,"2,150","2,600","3,300",10-09-2025
TAMIL NADU,AMMOOR,PADDY(75 KG),"1,522","1,812","2,668",10-09-2025
MADHYA PRADESH,TIKAMGARH,WHEAT,"2,570","2,600","2,889",10-09-2025
ANDHRA PRADESH,MADANAPALLE,TOMATO,"1,000","1,000","2,000",10-09-2025
HARYANA,GURGAON,POTATO,955,"1,255","1,522",10-09-2025
HARYANA,CHEEKA,PADDY-BASMATI1509,"2,700","3,200","3,260",10-09-2025
RAJASTHAN,ALWAR,WHEAT,"2,500","2,600","2,615",10-09-2025
RAJASTHAN,JAIPUR F AND V MUHANA,APPLE,"4,000","15,000","15,000",10-09-2025
RAJASTHAN,SIKAR,POTATO,900,"1,000","1,100",10-09-2025
RAJASTHAN,JAIPUR F AND V MUHANA,ONION,"1,000","1,800","1,800",10-09-2025
HARYANA,LADWA,PADDY-BASMATI1509,"2,395","3,175","3,375",10-09-2025
RAJASTHAN,ALWAR,MUSTARD,"6,150","6,600","7,175",10-09-2025
RAJASTHAN,JAIPUR F AND V MUHANA,BANANA,"1,200","2,800","2,800",10-09-2025
RAJASTHAN,JAIPUR F AND V MUHANA,CUCUMBER,"2,500","3,200","3,200",10-09-2025
ANDHRA PRADESH,ADONI,GROUND NUT,"2,769","6,470","6,990",10-09-2025
MADHYA PRADESH,HARDA,CHANA (BENGAL GRAM)-DESI,"5,050","6,099","6,351",10-09-2025
ANDHRA PRADESH,ADONI,COTTON,"3,962","7,442","7,819",10-09-2025
RAJASTHAN,ALWAR,BAJRA,"1,500","1,900","2,300",10-09-2025
HARYANA,KOSLI APMC,BAJRA,"1,900","2,010","2,090",10-09-2025
MADHYA PRADESH,INDORE,CHANA BENGAL GRAM-DOLLAR,"7,400","9,475","10,000",10-09-2025
TAMIL NADU,VELLORE,PADDY(75 KG),"1,239","2,492","2,655",10-09-2025
RAJASTHAN,PRATAPGARH RJ,ONION,250,"1,020","1,230",10-09-2025
MADHYA PRADESH,GUNA,WHEAT,"2,575","2,620","2,885",10-09-2025
MADHYA PRADESH,HARDA,WHEAT,"2,435","2,630","2,841",10-09-2025
MADHYA PRADESH,KHARGONE,MAIZE,"1,381","1,574","1,610",10-09-2025
MADHYA PRADESH,SEHORE,SOYABEANS,"3,781","4,281","4,531",10-09-2025
CHHATTISGARH,DHAMTARI,PADDY IR64 NEW,"1,830","1,910","1,920",10-09-2025
CHHATTISGARH,KURUD,PADDY-MTU 1010,"1,450","1,900","1,916",10-09-2025
TAMIL NADU,AVALURPET,PADDY(75 KG),"1,602","1,950","2,451",10-09-2025
MADHYA PRADESH,UJJAIN,SOYA-YELLOW,"4,321","4,481","4,628",10-09-2025
RAJASTHAN,JODHPUR F AND V,GREEN CHILLI,"1,000","2,000","3,200",10-09-2025
KARNATAKA,APMC KALBURGI,TUR/ARHAR,"5,500","6,449","6,773",10-09-2025
RAJASTHAN,SIKAR,BANANA,"1,500","1,500","1,800",10-09-2025
MADHYA PRADESH,DEWAS,SOYABEANS,"4,101","4,350","4,570",10-09-2025
MADHYA PRADESH,BERASIA,WHEAT,"2,041","2,670","4,395",10-09-2025
ODISHA,GUNUPUR,RAW CASHEWNUT-KAAJU,"12,000","12,000","12,000",10-09-2025
ANDHRA PRADESH,GUNTUR,CHILLI-TEJA,"5,000","14,800","15,201",10-09-2025
MADHYA PRADESH,SEHORE,WHEAT,"2,610","2,659","2,944",10-09-2025
HARYANA,PIPLI APMC,PADDY-BASMATI1509,"2,400","3,175","3,225",10-09-2025
UTTAR PRADESH,LAKHIMPUR,WHEAT,"2,540","2,540","2,550",10-09-2025
UTTAR PRADESH,JHANSI,GROUND NUT,"3,600","4,000","4,550",10-09-2025
TAMIL NADU,SANKARANKOVIL,SUGARCANE,250,250,250,10-09-2025
TAMIL NADU,VANDAVASI,PADDY(75 KG),"1,479","2,132","2,360",10-09-2025
RAJASTHAN,IKLERA,WHEAT,"2,511","2,630","2,650",10-09-2025
RAJASTHAN,NADBAI,MUSTARD,"6,356","6,732","7,015",10-09-2025
MADHYA PRADESH,INDORE,WHEAT,"2,550","2,720","2,920",10-09-2025
RAJASTHAN,KHANPUR,SOYABEANS,"2,900","4,401","4,551",10-09-2025
MAHARASHTRA,TUMSAR,PADDY 6444,"2,300","2,300","2,984",10-09-2025
RAJASTHAN,BARAN,CORIANDAR,"6,451","7,058","7,492",10-09-2025
RAJASTHAN,BIKANER F AND V,POTATO,"1,130","1,200","1,200",10-09-2025
CHHATTISGARH,RAJIM,PADDY-MTU 1010,"1,000","1,860","1,878",10-09-2025
RAJASTHAN,BARAN,SOYABEANS,"4,031","4,414","4,696",10-09-2025
RAJASTHAN,KHAIRTHAL,MUSTARD,"6,000","6,900","7,483",10-09-2025
MAHARASHTRA,MANGRULPEER,SOYABEANS,"4,075","4,325","4,360",10-09-2025
TELANGANA,SURYAPETA,PADDY-BPT,"1,709","2,519","2,708",10-09-2025
HARYANA,KAITHAL,PADDY-BASMATI1509,"2,780","3,040","3,260",10-09-2025
HARYANA,PANIPAT,POTATO,700,900,"1,200",10-09-2025
TAMIL NADU,VIRUDHACHALAM,PADDY(75 KG),675,"1,995","2,408",10-09-2025
UTTAR PRADESH,BILSI,MAIZE,"1,950","1,950","1,950",10-09-2025
CHHATTISGARH,NAVAPARA,PADDY-MTU 1010,"1,300","1,888","2,832",10-09-2025
PUNJAB,PHAGWARA,MAIZE,"2,180","2,180","2,230",10-09-2025
RAJASTHAN,ITAWA,WHEAT,"2,552","2,610","2,690",10-09-2025
ANDHRA PRADESH,GUNTUR,CHILLI-334,"6,000","12,500","15,700",10-09-2025
PUNJAB,JAGRAON,MOONG WHOLE (GREEN GRAM),"2,500","5,800","7,615",10-09-2025
UTTAR PRADESH,WAZIRGANJ APMC,MAIZE,"2,000","2,000","2,005",10-09-2025
JAMMU AND KASHMIR,PULWAMA,APPLE,"4,687","4,687","4,687",10-09-2025
GUJARAT,VADODARA,ONION RED,900,"1,100","1,200",10-09-2025
RAJASTHAN,NIWAI,MUSTARD,"6,300","6,925","7,011",10-09-2025
RAJASTHAN,KOTA,CHANA (BENGAL GRAM),"4,469","5,001","5,245",10-09-2025
RAJASTHAN,BARAN,WHEAT,"2,356","2,415","2,660",10-09-2025
MAHARASHTRA,AMRAVATI,SOYABEANS,"4,000","4,088","4,250",10-09-2025
KARNATAKA,APMC CHINCHOLI,GREEN GRAM,"3,990","4,000","4,211",10-09-2025
TAMIL NADU,ODDANCHATRAM,BOTTLE GOURD,200,200,250,10-09-2025
ANDHRA PRADESH,GUNTUR,CHILLI BADIGA,"4,500","12,000","16,500",10-09-2025
HARYANA,PANIPAT,ONION,800,"1,500","1,500",10-09-2025
RAJASTHAN,KOTA,PADDY,"1,815","3,231","3,444",10-09-2025
UTTAR PRADESH,GHIROR,MAIZE YELLOW,"1,879","1,956","2,020",10-09-2025
PUNJAB,HOSHIYARPUR,MAIZE,800,"2,180","2,180",10-09-2025
RAJASTHAN,BARAN,GARLIC,"2,500","4,253","9,550",10-09-2025
RAJASTHAN,MERTA CITY,CUMMIN,"15,001","18,300","20,000",10-09-2025
ANDHRA PRADESH,GUNTUR,CHILLI-THAALU,"3,800","8,000","15,000",10-09-2025
ANDHRA PRADESH,KURNOOL,GROUND NUT,"3,810","6,409","7,150",10-09-2025
RAJASTHAN,JAIPUR F AND V MUHANA,GUAVA,"1,500","3,800","3,800",10-09-2025
TELANGANA,BADEPALLY,MAIZE,"1,610","1,726","2,206",10-09-2025
UTTAR PRADESH,KHAIR,POTATO,750,750,750,10-09-2025
RAJASTHAN,JAIPUR F AND V MUHANA,GINGER,"3,700","6,500","6,500",10-09-2025
GUJARAT,RAJKOT,GROUND NUT,"4,075","4,520","5,420",10-09-2025
HARYANA,CH DADRI,AMERICAN-COTTON,"5,650","6,500","7,500",10-09-2025
HARYANA,JUNDLA,PADDY-BASMATI1509,"2,850","3,150","3,300",10-09-2025
ANDHRA PRADESH,GURRAMKONDA,TOMATO,"1,200","1,400","1,600",10-09-2025
TAMIL NADU,THIRUKOVILUR,MAIZE-NEW,"2,001","2,251","2,339",10-09-2025
RAJASTHAN,KHANPUR,WHEAT,"2,550","2,692","2,700",10-09-2025
RAJASTHAN,UDAIPUR F AND V,TOMATO,"1,000","1,500","2,000",10-09-2025
HIMACHAL PRADESH,BHATTAKUFAR DHALLI,APPLE,"4,850","5,000","5,000",10-09-2025
RAJASTHAN,AJMER F AND V,POTATO,"1,300","1,304","1,345",10-09-2025
ODISHA,KORAPUT,GINGER,"4,500","4,500","4,500",10-09-2025
RAJASTHAN,SRIGANGANAGAR F AND V,ONION,"1,600","1,600","1,600",10-09-2025
GUJARAT,VADODARA,POTATO,850,"1,000","1,100",10-09-2025
ODISHA,NABARANGPUR,BRINJAL-HYBRID,"2,500","2,500","3,200",10-09-2025
RAJASTHAN,MANDAWARI,MUSTARD,"6,500","6,800","6,955",10-09-2025
TAMIL NADU,THIRUKOVILUR,PADDY ADT-37(TN),"1,014","1,874","2,284",10-09-2025
PUNJAB,KHANNA APMC,PADDY-BASMATI1509,"3,000","3,010","3,200",10-09-2025
MADHYA PRADESH,BERASIA,SOYABEANS,"2,455","2,500","4,475",10-09-2025
RAJASTHAN,RAMGANJ MANDI,WHEAT,"2,471","2,540","2,633",10-09-2025
RAJASTHAN,SIKAR,TOMATO,"1,500","1,700","2,600",10-09-2025
UTTARAKHAND,ROORKEE,POTATO,900,900,920,10-09-2025
RAJASTHAN,PRATAPGARH RJ,GARLIC,"2,145","3,410","8,563",10-09-2025
CHHATTISGARH,RAJNANDGAON,PADDY-MAHAMAYA,"1,575","1,900","2,750",10-09-2025
ANDHRA PRADESH,KURNOOL,CASTOR SEED,"5,670","6,020","6,072",10-09-2025
MADHYA PRADESH,KASRAWAD,WHEAT,"2,715","2,730","2,750",10-09-2025
MADHYA PRADESH,KHANDWA,SOYABEANS,"3,750","4,276","4,323",10-09-2025
RAJASTHAN,NOKHA,MOTH,"5,100","5,300","5,300",10-09-2025
RAJASTHAN,KHANPUR,MUSTARD,"6,249","6,699","6,699",10-09-2025
TAMIL NADU,ARUPPUKOTTAI,MAIZE,"2,000","2,000","2,440",10-09-2025
RAJASTHAN,UDAIPUR F AND V,POTATO,"1,000","1,250","1,500",10-09-2025
HARYANA,ADAMPUR,AMERICAN-COTTON,"4,500","7,925","8,081",10-09-2025
ODISHA,NABARANGPUR,GREEN CHILLI,"3,500","6,000","6,000",10-09-2025
ANDHRA PRADESH,ELURU,LEMON,"1,300","2,000","2,600",10-09-2025
UTTAR PRADESH,JALAUN,WHEAT,"2,500","2,510","2,520",10-09-2025
RAJASTHAN,HINDOUN,WHEAT,"2,480","2,511","2,550",10-09-2025
GUJARAT,SIDDHPUR,CASTOR SEED,"6,475","6,520","6,550",10-09-2025
RAJASTHAN,BIKANER F AND V,ONION,"1,490","1,500","1,500",10-09-2025
UTTAR PRADESH,SAFDARGANJ,WHEAT,"2,500","2,500","2,510",10-09-2025
RAJASTHAN,PRATAPGARH RJ,SOYABEANS,"3,333","4,150","4,660",10-09-2025
RAJASTHAN,SIKAR,GREEN CHILLI,"1,600","2,300","3,000",10-09-2025
TELANGANA,JANGAON,PADDY IR64 NEW,"1,539","1,710","1,843",10-09-2025
UTTAR PRADESH,MAINPURI,MAIZE,"1,930","1,950","1,960",10-09-2025
TELANGANA,KHAMMAM,GREEN GRAM,"2,000","5,400","6,500",10-09-2025
ANDHRA PRADESH,RAVULAPALEM APMC,BANANA WHITE CHAKRAKELI,"2,400","2,400","2,400",10-09-2025
MADHYA PRADESH,DHAR,SOYA-YELLOW,"4,172","4,460","4,538",10-09-2025
ANDHRA PRADESH,RAVULAPALEM APMC,BANANA RED CHAKRAKELI,"2,800","2,800","2,800",10-09-2025
UTTAR PRADESH,MAHMUDABAD,WHEAT,"2,535","2,560","2,580",10-09-2025
MADHYA PRADESH,CHHINDWARA,MAIZE YELLOW,"2,060","2,150","2,238",10-09-2025
RAJASTHAN,HINDOUN,MUSTARD,"6,401","6,652","6,820",10-09-2025
JAMMU AND KASHMIR,PACHAAR,APPLE,"6,000","6,000","6,000",10-09-2025
RAJASTHAN,RAMGANJ MANDI,CORIANDER WHOLE,"6,101","6,951","8,201",10-09-2025
CHHATTISGARH,KANKER,PADDY LOCAL,"1,950","2,000","2,050",10-09-2025
TELANGANA,TIRUMALGIRI,PADDY-IR.64,"1,712","1,862","1,862",10-09-2025
ODISHA,KESINGA,CABBAGE,"2,700","2,700","2,700",10-09-2025
UTTAR PRADESH,KASGANJ,MAIZE,"2,100","2,150","2,180",10-09-2025
RAJASTHAN,JHALRAPATAN,WHEAT,"2,476","2,571","2,595",10-09-2025
ODISHA,KESINGA,ONION RED,"1,900","1,900","1,900",10-09-2025
RAJASTHAN,MALPURA,WHEAT,"2,418","2,511","2,578",10-09-2025
KARNATAKA,APMC CHINCHOLI,TUR/ARHAR,"6,200","6,400","6,500",10-09-2025
ODISHA,KESINGA,PUMPKIN,"1,000","1,000","1,000",10-09-2025
UTTARAKHAND,HALDWANI,POTATO,700,"1,500","1,500",10-09-2025
GUJARAT,MEHSANA,CASTOR SEED,"6,450","6,550","6,550",10-09-2025
ODISHA,NABARANGPUR,CAULIFLOWER,"3,000","3,000","3,000",10-09-2025
RAJASTHAN,CHOMEHLA,WHEAT,"2,605","2,685","2,685",10-09-2025
RAJASTHAN,MANDAWARI,WHEAT,"2,411","2,411","2,547",10-09-2025
RAJASTHAN,JAIPUR F AND V MUHANA,COCONUT DEHUSKED IN QUINTAL,"3,500","3,500","3,500",10-09-2025
RAJASTHAN,PILIBANGA,MUSTARD,"6,400","6,635","6,779",10-09-2025
MADHYA PRADESH,PIPARIYA,WHEAT,"2,461","2,600","2,632",10-09-2025
TAMIL NADU,CHEYYAR,PADDY(75 KG),"1,696","1,858","2,442",10-09-2025
TELANGANA,SURYAPETA,PADDY-JAI SRIRAM,"1,919","2,836","3,266",10-09-2025
TAMIL NADU,THANJAVUR,COCONUT WITH HUSK,20,20,20,10-09-2025
TAMIL NADU,PUDUPALAYAM,PADDY(75 KG),"1,826","2,267","2,583",10-09-2025
UTTAR PRADESH,TUNDLA,MAIZE,"1,950","1,960","2,110",10-09-2025
RAJASTHAN,RAMGANJ MANDI,SOYABEANS,"4,245","4,502","4,522",10-09-2025
HARYANA,GURGAON,TOMATO,"1,655","3,000","3,000",10-09-2025
MADHYA PRADESH,KRISHI UPAJ MANDI SAMITI-KHURAI,CHANA (BENGAL GRAM)-DESI,"5,366","6,121","6,150",10-09-2025
UTTAR PRADESH,SITAPUR,WHEAT,"2,495","2,495","2,495",10-09-2025
RAJASTHAN,KHAIRTHAL,BAJRA,"1,450","1,600","2,270",10-09-2025
UTTAR PRADESH,BHINGA,WHEAT,"2,450","2,450","2,470",10-09-2025
MADHYA PRADESH,KRISHI UPAJ MANDI SAMITI-KARELI,CHANA-LOCAL,"5,478","6,100","6,100",10-09-2025
HARYANA,ELLANABAD,GUAR SEEDS,"3,850","4,490","4,618",10-09-2025
HARYANA,GURGAON,ONION,"1,000","1,455","2,000",10-09-2025
GUJARAT,VADODARA,TOMATO,"1,500","1,600","1,700",10-09-2025
RAJASTHAN,BHAWANI MANDI,SOYABEANS,"3,986","4,000","4,412",10-09-2025
CHHATTISGARH,BALOD,PADDY-IR.64,"1,800","1,805","1,956",10-09-2025
MAHARASHTRA,MURTIZAPUR,SOYA-YELLOW,"3,800","3,800","4,470",10-09-2025
ANDHRA PRADESH,PATTIKONDA,TOMATO,"1,400","1,700","2,000",10-09-2025
CHHATTISGARH,RAJIM,PADDY SAMBA MASURI,"1,600","1,960","2,308",10-09-2025
RAJASTHAN,NOHAR,MUSTARD SEED,"6,550","6,640","7,103",10-09-2025
ODISHA,NABARANGPUR,CABBAGE,"2,400","2,400","3,000",10-09-2025
UTTAR PRADESH,MAHOBA,WHITE PEAS,"3,200","3,200","3,320",10-09-2025
RAJASTHAN,JODHPUR F AND V,LEMON,"1,500","2,000","3,000",10-09-2025
MADHYA PRADESH,HARDA,SOYABEANS,"3,931","4,301","4,415",10-09-2025
JAMMU AND KASHMIR,SHOPIAN,APPLE,600,"6,100","6,200",10-09-2025
RAJASTHAN,SIKAR,BOTTLE GOURDE,700,800,"1,800",10-09-2025
RAJASTHAN,JODHPUR F AND V,CABBAGE,"1,400","1,600","2,500",10-09-2025
ODISHA,KORAPUT,POTATO SWEET,"1,500","1,500","1,500",10-09-2025
MAHARASHTRA,CHANDUR BAZAR,TUR/ARHAR,"5,900","6,000","6,300",10-09-2025
UTTAR PRADESH,AURAIYA,WHEAT,"2,530","2,570","2,570",10-09-2025
HARYANA,PANIPAT,TOMATO,600,850,"1,500",10-09-2025
ODISHA,NABARANGPUR,BITTER GOURD,"4,000","4,000","4,100",10-09-2025
UTTAR PRADESH,ETAWAH,POTATO,800,800,800,10-09-2025
ODISHA,BHAWANIPATNA,LADY FINGER,"3,300","3,300","3,300",10-09-2025
ANDHRA PRADESH,RAVULAPALEM APMC,BANANA BONTHA,"2,500","2,500","2,500",10-09-2025
CHHATTISGARH,NAVAPARA,SAMA-MASURI,"1,750","2,018","2,290",10-09-2025
RAJASTHAN,LALSOT,WHEAT,"2,490","2,550","2,634",10-09-2025
CHHATTISGARH,RAJNANDGAON,PADDY-MTU 1010,"1,800","1,900","2,150",10-09-2025
MADHYA PRADESH,JABALPUR,MOONG WHOLE (GREEN GRAM),"3,000","6,600","7,575",10-09-2025
MADHYA PRADESH,SANWER,SOYA-YELLOW,"3,501","4,380","4,429",10-09-2025
RAJASTHAN,FATEHNAGAR,WHEAT,"2,622","2,628","2,723",10-09-2025
RAJASTHAN,SRI GANGANAGAR GRAIN,MUSTARD,"6,470","6,721","6,783",10-09-2025
CHHATTISGARH,BILASPUR,PADDY-MAHAMAYA,"1,910","1,910","1,910",10-09-2025
HARYANA,ELLANABAD,MUSTARD,"6,388","6,647","6,754",10-09-2025
PUNJAB,PATIALA,POTATO,800,900,900,10-09-2025
TAMIL NADU,POCHAMPALLI,COCONUT WITH HUSK,15,15,15,10-09-2025
HIMACHAL PRADESH,BANDROL,APPLE,"1,400","5,000","6,900",10-09-2025
MADHYA PRADESH,BADNAWAR,SOYA-YELLOW,"4,255","4,505","4,535",10-09-2025
UTTAR PRADESH,PAYAGPUR,WHEAT,"2,425","2,500","2,500",10-09-2025
GUJARAT,BHABHAR,CASTOR SEED,"6,475","6,528","6,535",10-09-2025
GUJARAT,VISNAGAR,CASTOR SEED,"6,500","6,575","6,575",10-09-2025
RAJASTHAN,JODHPUR F AND V,GINGER,"2,800","3,000","4,200",10-09-2025
RAJASTHAN,NIMBAHERA,SOYABEANS,"4,051","4,440","4,536",10-09-2025
TAMIL NADU,ODDANCHATRAM,BEETROOT,200,200,200,10-09-2025
UTTAR PRADESH,KARWI APMC,WHEAT,"2,450","2,450","2,450",10-09-2025
RAJASTHAN,KOTA,URAD (BLACK GRAM),"5,351","5,900","6,465",10-09-2025
RAJASTHAN,NOHAR,GUAR SEEDS,"4,299","4,651","4,852",10-09-2025
GUJARAT,JAMNAGAR,AJWAIN,"8,650","12,000","14,025",10-09-2025
TAMIL NADU,ARANI,PADDY(75 KG),"1,706","2,222","2,506",10-09-2025
UTTAR PRADESH,LUCKNOW,BANANA,"1,000","1,000","1,000",10-09-2025
MADHYA PRADESH,DHAR,WHEAT,"2,682","2,684","2,898",10-09-2025
MADHYA PRADESH,HARDA,MOONG WHOLE (GREEN GRAM),"6,071","6,159","8,080",10-09-2025
MAHARASHTRA,ARMORI DESAIGANJ,PADDY LOCAL,"2,067","2,500","2,500",10-09-2025
RAJASTHAN,TONK,WHEAT,"2,537","2,556","2,556",10-09-2025
UTTAR PRADESH,CHAUBEPUR,WHEAT,"2,500","2,500","2,500",10-09-2025
RAJASTHAN,SUMERPUR,WHEAT,"2,711","2,725","2,812",10-09-2025
TAMIL NADU,DESUR,PADDY CO 51(TN),"1,855","1,907","1,980",10-09-2025
ODISHA,SAKHIGOPAL,BANANA,"1,200","1,200","1,250",10-09-2025
ODISHA,BHAWANIPATNA,PUMPKIN,"2,000","2,000","2,000",10-09-2025
ODISHA,NABARANGPUR,TOMATO,"2,000","2,000","4,000",10-09-2025
RAJASTHAN,JAIPUR F AND V MUHANA,GREEN CHILLI,"1,500","1,500","3,000",10-09-2025
CHHATTISGARH,KURUD,PADDY BPT-5204,"1,000","1,973","2,405",10-09-2025
UTTAR PRADESH,GHAZIABAD,BOTTLE GOURD,530,530,600,10-09-2025
RAJASTHAN,TONK,MUSTARD,"4,100","6,795","6,910",10-09-2025
MADHYA PRADESH,GADARWARA,WHEAT,"2,592","2,596","2,615",10-09-2025
ANDHRA PRADESH,RAVULAPALEM APMC,BANANA BHUSHAVALI,"2,200","2,200","2,900",10-09-2025
ODISHA,BHAWANIPATNA,CABBAGE,"2,350","2,350","2,350",10-09-2025
RAJASTHAN,GANGAPUR CITY,MUSTARD,"6,503","6,712","6,998",10-09-2025
RAJASTHAN,RAMGANJ MANDI,MUSTARD,"6,315","6,742","6,742",10-09-2025
MAHARASHTRA,BARAMATI,JAGGERY,"4,100","4,400","4,725",10-09-2025
MAHARASHTRA,MURTIZAPUR,CHANA-LOCAL,"5,110","5,800","5,800",10-09-2025
RAJASTHAN,SRIGANGANAGAR F AND V,POTATO,"1,200","1,200","1,200",10-09-2025
TAMIL NADU,ALANGIYAM,MAIZE,"2,355","2,391","2,403",10-09-2025
RAJASTHAN,BIKANER F AND V,TOMATO,"2,440","2,470","2,500",10-09-2025
RAJASTHAN,IKLERA,MUSTARD,"6,388","6,482","6,635",10-09-2025
RAJASTHAN,PRATAPGARH RJ,WHEAT,"2,096","2,611","2,800",10-09-2025
GUJARAT,JASDAN,GROUND NUT,"4,120","4,620","4,900",10-09-2025
RAJASTHAN,AJMER F AND V,TOMATO,"2,300","2,316","3,304",10-09-2025
MAHARASHTRA,AKOLA,CHANA (BENGAL GRAM),"4,695","5,595","5,895",10-09-2025
UTTARAKHAND,HARIDWAR,POTATO,890,900,900,10-09-2025
HARYANA,FARIDABAD,POTATO,800,800,800,10-09-2025
TELANGANA,SADASIVPET,ONION,269,"1,212","1,483",10-09-2025
RAJASTHAN,HANUMANGARH TOWN,MUSTARD,"6,495","6,589","6,694",10-09-2025
MAHARASHTRA,PIMPALGAON BASWANT,SOYABEANS,"4,060","4,280","4,361",10-09-2025
RAJASTHAN,AJMER F AND V,ONION,"1,400","1,402","1,435",10-09-2025
UTTAR PRADESH,SHAHBAD HARDOI,WHEAT,"2,480","2,480","2,500",10-09-2025
RAJASTHAN,SRIGANGANAGAR F AND V,TOMATO,"4,000","4,000","4,000",10-09-2025
RAJASTHAN,JODHPUR F AND V,CAULIFLOWER,"2,000","2,000","5,000",10-09-2025
ANDHRA PRADESH,GUNTUR,CHILLI TEJA A/C,"6,600","14,500","15,200",10-09-2025
MAHARASHTRA,AMRAVATI,CHANA GRAM,"5,100","5,578","5,600",10-09-2025
GUJARAT,JAMNAGAR,SESAME SEED,"8,125","9,125","11,750",10-09-2025
UTTAR PRADESH,AGRA,POTATO,704,708,712,10-09-2025
MADHYA PRADESH,SANWER,WHEAT,"2,500","2,711","2,711",10-09-2025
TAMIL NADU,DESUR,PADDY RNR (TN),"1,612","2,586","2,592",10-09-2025
ANDHRA PRADESH,RAVULAPALEM APMC,BANANA AMRUTHAPANI,"2,900","2,900","2,900",10-09-2025
RAJASTHAN,JODHPUR F AND V,BHINDI (LADIES FINGER),"1,600","2,500","3,500",10-09-2025
ANDHRA PRADESH,GUNTUR,CHILLI-334 A/C,"5,500","9,000","14,000",10-09-2025
TAMIL NADU,THIRUKOVILUR,BAJRA-LOCAL,"2,010","2,229","2,917",10-09-2025
RAJASTHAN,MALPURA,MUSTARD,"6,800","7,301","7,301",10-09-2025
RAJASTHAN,UDAIPUR F AND V,BANANA,"1,000","1,250","1,500",10-09-2025
MADHYA PRADESH,BIAORA,SOYA-YELLOW,"3,320","4,310","4,410",10-09-2025
TAMIL NADU,KILPENNATHUR,MAIZE,"2,109","2,329","2,329",10-09-2025
MADHYA PRADESH,MANDSAUR,FENUGREEK (WHOLE),"3,610","4,301","5,000",10-09-2025
RAJASTHAN,ITAWA,MUSTARD,"6,100","6,927","7,026",10-09-2025
RAJASTHAN,NAGAR,MUSTARD,"6,336","6,546","7,062",10-09-2025
ANDHRA PRADESH,HINDUPUR,TAMARIND FLOWER,"8,000","8,500","9,000",10-09-2025
JAMMU AND KASHMIR,PULWAMA,PEAR,"5,000","5,000","5,000",10-09-2025
MADHYA PRADESH,VIDISHA,SOYA-YELLOW,"3,840","4,488","4,488",10-09-2025
RAJASTHAN,BEGU,MAIZE,"2,125","2,510","2,510",10-09-2025
RAJASTHAN,SIKAR,CUCUMBER,"1,000","1,400","1,800",10-09-2025
UTTAR PRADESH,ETAH,MAIZE HYBRID,"1,852","1,864","1,868",10-09-2025
HARYANA,GURGAON,APPLE,"6,655","9,000","9,546",10-09-2025
HARYANA,REWARI,TOMATO,780,"1,100","1,400",10-09-2025
UTTAR PRADESH,NOIDA APMC,POTATO,"1,320","1,420","1,460",10-09-2025
GUJARAT,DHANERA,MUSTARD,"6,275","6,340","6,425",10-09-2025
RAJASTHAN,IKLERA,SOYABEANS,"4,255","4,315","4,384",10-09-2025
RAJASTHAN,JAIPUR F AND V MUHANA,GARLIC,"2,500","2,500","2,500",10-09-2025
UTTAR PRADESH,MADHOGANJ,MAIZE-NEW,"2,080","2,100","2,180",10-09-2025
UTTAR PRADESH,TUNDLA,WHEAT,"2,590","2,640","2,650",10-09-2025
CHHATTISGARH,JAGDALPUR,TAMARIND-FRUIT,"4,700","4,790","4,850",10-09-2025
RAJASTHAN,KHAJUWALA,MUSTARD,"6,250","6,300","6,451",10-09-2025
TAMIL NADU,ULUNDURPETTAI,MAIZE,"2,083","2,324","2,331",10-09-2025
TELANGANA,ZAHEERABAD,URAD (BLACK GRAM),"2,816","4,550","6,856",10-09-2025
UTTAR PRADESH,ETAH,POTATO,805,815,835,10-09-2025
RAJASTHAN,UDAIPUR F AND V,GREEN CHILLI,"1,500","2,000","3,000",10-09-2025
UTTAR PRADESH,PRAYAGRAJ,POTATO,912,918,920,10-09-2025
UTTAR PRADESH,MAURANIPUR,WHITE PEAS,"3,050","3,050","3,050",10-09-2025
RAJASTHAN,BIKANER F AND V,APPLE,"4,430","4,440","4,500",10-09-2025
UTTAR PRADESH,RAMPUR,POTATO,990,"1,020","1,250",10-09-2025
RAJASTHAN,TIJARA,BAJRA,"1,500","1,850","1,990",10-09-2025
HARYANA,HANSI,MUSTARD,"6,900","6,900","6,900",10-09-2025
ODISHA,TALCHER,BEETROOT,"5,000","5,000","5,000",10-09-2025
ODISHA,TALCHER,DRUMSTICK,"5,600","5,600","5,600",10-09-2025
ODISHA,TALCHER,BANANA,"1,100","1,100","1,100",10-09-2025
ODISHA,TALCHER,BITTER GOURD,"5,200","5,200","5,200",10-09-2025
RAJASTHAN,BIKANER F AND V,BANANA,"2,580","2,600","2,600",10-09-2025
UTTAR PRADESH,AJUHA,WHEAT,"2,450","2,515","2,540",10-09-2025
UTTAR PRADESH,KHALILABAD,ONION,"1,550","1,550","1,550",10-09-2025
UTTARAKHAND,VIKASNAGAR,POTATO,"1,400","1,500","1,800",10-09-2025
GUJARAT,VADODARA,GREEN CHILLI,"2,050","2,100","2,200",10-09-2025
HARYANA,SIRSA,POTATO,900,950,"1,000",10-09-2025
ODISHA,NABARANGPUR,BOTTLE GOURD,"3,500","3,500","3,500",10-09-2025
RAJASTHAN,GOLUWALA,MUSTARD,"6,508","6,807","6,807",10-09-2025
UTTAR PRADESH,BANDA,WHITE PEAS,"3,200","3,250","3,250",10-09-2025
CHHATTISGARH,KURUD,PADDY-MAHAMAYA,"1,850","2,100","2,470",10-09-2025
HARYANA,SIRSA,APPLE,"4,500","5,500","6,000",10-09-2025
RAJASTHAN,NIMBAHERA,GARLIC,"2,052","3,400","7,200",10-09-2025
CHHATTISGARH,RAJNANDGAON,PADDY-SWARNAMASOORI,"1,900","1,965","2,170",10-09-2025
PUNJAB,BARNALA,POTATO,600,650,670,10-09-2025
RAJASTHAN,CHOMU F AND V,CHILLIES,"2,510","2,540","2,565",10-09-2025
UTTAR PRADESH,KANNAUJ,MAIZE YELLOW,"1,960","1,960","1,960",10-09-2025
UTTAR PRADESH,NAJIBABAD APMC,POTATO,890,920,930,10-09-2025
UTTARAKHAND,DEHRADUN,ONION,"2,300","2,300","2,300",10-09-2025
RAJASTHAN,KOTA,FENUGREEK (WHOLE),"4,211","4,211","4,711",10-09-2025
UTTAR PRADESH,BARABANKI,POTATO,"1,000","1,000","1,050",10-09-2025
UTTAR PRADESH,CHIBRAMAU,MAIZE,"2,000","2,000","2,000",10-09-2025
MADHYA PRADESH,KHARGONE,WHEAT,"2,597","2,597","2,700",10-09-2025
ODISHA,NABARANGPUR,PUMPKIN,"3,000","3,000","3,000",10-09-2025
MADHYA PRADESH,KAROND,WHEAT,"2,634","2,691","2,851",10-09-2025
MADHYA PRADESH,DATIA,WHEAT-HYBRID,"2,610","2,612","2,619",10-09-2025
UTTAR PRADESH,HAPUR,POTATO,"1,000","1,000","1,000",10-09-2025
RAJASTHAN,BHINMAL,GREEN CHILLI,"1,600","1,650","1,700",10-09-2025
RAJASTHAN,SRI MADHOPUR,BAJRA-HYBRID,"2,150","2,550","2,550",10-09-2025
UTTAR PRADESH,SHAHJAHANPUR,PADDY,"1,800","1,800","1,800",10-09-2025
MAHARASHTRA,MALKAPUR,ARHAR WHOLE / TUR (RED GRAM),"4,400","6,086","6,600",10-09-2025
UTTAR PRADESH,RAMPUR BILASPUR,GUAVA,500,600,800,10-09-2025
GUJARAT,RAJULA,COTTON,"7,060","7,060","7,420",10-09-2025
UTTAR PRADESH,HAPUR,PADDY,"3,200","3,200","3,300",10-09-2025
RAJASTHAN,KOTA F AND V,ONION RED,200,500,"1,200",10-09-2025
RAJASTHAN,SRI GANGANAGAR GRAIN,WHEAT,"2,550","2,676","2,880",10-09-2025
TAMIL NADU,ULUNDURPETTAI,PADDY(75 KG),"1,412","1,962","2,287",10-09-2025
RAJASTHAN,ANOOPGARH,MUSTARD,"6,000","6,530","6,661",10-09-2025
MADHYA PRADESH,ASHOKNAGAR,MUSTARD,"5,800","6,900","7,000",10-09-2025
RAJASTHAN,JAIPUR F AND V MUHANA,TINDA,"3,000","3,000","3,000",10-09-2025
RAJASTHAN,SIKAR,APPLE,"5,000","5,000","7,000",10-09-2025
RAJASTHAN,UDAIPUR F AND V,ONION,"1,000","1,300","1,600",10-09-2025
ODISHA,NABARANGPUR,IVY GOURD (KUNDRU),"4,000","4,000","4,000",10-09-2025
MAHARASHTRA,MANORA,TUR/ARHAR,"4,501","6,120","6,191",10-09-2025
UTTAR PRADESH,ATARRA APMC,ONION,"1,000","1,000","1,000",10-09-2025
UTTAR PRADESH,BHARUASUMERPUR,WHEAT,"2,530","2,530","2,540",10-09-2025
MADHYA PRADESH,KRISHI UPAJ MANDI SAMITI-KOLARAS,WHEAT,"2,590","2,630","2,640",10-09-2025
TAMIL NADU,TIRUVARUR,COTTON,"6,339","7,449","7,929",10-09-2025
TAMIL NADU,POLUR,PADDY CO 51(TN),"1,675","1,919","2,586",10-09-2025
RAJASTHAN,MAHUWA RJ,MUSTARD SEED,"6,800","6,890","6,890",10-09-2025
GUJARAT,NAVSARI APMC,POTATO,"1,500","1,500","1,500",10-09-2025
RAJASTHAN,UDAIPUR F AND V,CUCUMBER,"1,500","3,000","4,000",10-09-2025
RAJASTHAN,ANOOPGARH,WHEAT,"2,531","2,581","2,581",10-09-2025
RAJASTHAN,KHAIRTHAL,WHEAT,"2,505","2,600","2,600",10-09-2025
TELANGANA,NIZAMABAD,TURMERIC FINGER,"9,506","11,411","11,610",10-09-2025
UTTAR PRADESH,ATARRA APMC,PADDY LOCAL,"2,000","2,000","2,000",10-09-2025
CHHATTISGARH,DHAMTARI,SWARNA PADDY,"1,711","1,731","1,790",10-09-2025
MADHYA PRADESH,RATLAM,WHEAT,"2,771","2,876","2,912",10-09-2025
RAJASTHAN,ITAWA,CHANA (BENGAL GRAM),"5,056","5,217","5,610",10-09-2025
RAJASTHAN,UDAIPUR F AND V,LADY FINGER,"1,750","2,000","3,500",10-09-2025
RAJASTHAN,NAGOUR,CUMMIN,"14,500","16,000","18,000",10-09-2025
RAJASTHAN,JODHPUR F AND V,CUCUMBER,"1,900","3,000","3,000",10-09-2025
RAJASTHAN,MERTA CITY,MUSTARD,"4,501","5,946","6,728",10-09-2025
HARYANA,FARIDABAD,ONION,"1,400","1,400","1,500",10-09-2025
HARYANA,SIRSA,BANANA,"1,800","1,800","1,800",10-09-2025
RAJASTHAN,JAIPUR F AND V MUHANA,ARBI (COLACASIA),"1,500","1,500","1,500",10-09-2025
UTTARAKHAND,VIKASNAGAR,ONION,"1,500","1,500","1,600",10-09-2025
TELANGANA,KESAMUDRAM,PADDY RNR,"2,309","2,309","2,662",10-09-2025
TAMIL NADU,PUDUR,MAIZE-NEW,"2,495","2,495","2,495",10-09-2025
CHHATTISGARH,KURUD,SWARNA PADDY,"1,900","2,054","2,059",10-09-2025
MADHYA PRADESH,VIDISHA,CHANA (BENGAL GRAM)-DESI,"5,496","5,922","5,922",10-09-2025
MADHYA PRADESH,TIMARNI,WHEAT,"2,598","2,675","2,751",10-09-2025
ODISHA,JAGATSINGHPUR,PUMPKIN,"1,000","1,000","1,000",10-09-2025
RAJASTHAN,BARODAMEV,MUSTARD,"6,301","6,530","7,046",10-09-2025
HARYANA,SIRSA,GUAR SEEDS,"4,200","4,480","4,600",10-09-2025
RAJASTHAN,JAIPUR F AND V MUHANA,MOUSAMBI,"1,500","1,500","1,500",10-09-2025
UTTAR PRADESH,CHARRA,MAIZE,"2,080","2,080","2,081",10-09-2025
RAJASTHAN,BHINMAL,CUCUMBER,800,800,900,10-09-2025
TELANGANA,TIRUMALGIRI,GREEN GRAM,"2,028","4,600","6,142",10-09-2025
RAJASTHAN,BHARATPUR,WHEAT,"2,568","2,590","2,620",10-09-2025
TAMIL NADU,SIVAGIRI,GROUNDNUT KERNEL_80 KG(TN),"4,769","6,619","7,289",10-09-2025
UTTAR PRADESH,GHAZIABAD,CUCUMBER,940,940,970,10-09-2025
RAJASTHAN,JAIPUR F AND V MUHANA,POMEGRANATE,"5,000","5,000","5,000",10-09-2025
MADHYA PRADESH,KRISHI UPAJ MANDI SAMITI-KHURAI,WHEAT,"2,581","2,651","3,244",10-09-2025
TELANGANA,TANDUR,GREEN GRAM,"3,555","6,155","6,975",10-09-2025
GUJARAT,PALANPUR,BAJRA,"2,305","2,350","2,365",10-09-2025
ODISHA,KAMAKHYANAGAR,PUMPKIN,"2,050","2,050","2,050",10-09-2025
RAJASTHAN,NIWAI,WHEAT,"2,510","2,567","2,572",10-09-2025
UTTAR PRADESH,GOLAGOKARNATH,PADDY,"1,699","1,700","1,700",10-09-2025
ANDHRA PRADESH,GUNTUR,CHILLI-BADIGI A/C,"7,500","9,000","13,000",10-09-2025
RAJASTHAN,BARODAMEV,BAJRA,"1,421","1,971","2,131",10-09-2025
RAJASTHAN,SRIGANGANAGAR F AND V,BANANA,"3,200","3,200","3,200",10-09-2025
MADHYA PRADESH,PIPARIYA,GREEN GRAM,"3,500","7,550","8,101",10-09-2025
UTTAR PRADESH,GORAKHPUR,SPONGE GOURD,710,710,720,10-09-2025
ODISHA,KENDRAPARA,PUMPKIN,"1,000","1,000","1,000",10-09-2025
RAJASTHAN,SANGARIYA,MUSTARD,"6,572","6,648","6,835",10-09-2025
ANDHRA PRADESH,PUNGANUR,TOMATO,"1,000","1,200","1,400",10-09-2025
UTTAR PRADESH,KHALILABAD,TOMATO,"1,600","1,800","1,800",10-09-2025
UTTAR PRADESH,KANPUR,WHEAT,"2,452","2,452","2,461",10-09-2025
GUJARAT,PATAN,CASTOR SEED,"6,350","6,475","6,550",10-09-2025
RAJASTHAN,AJMER F AND V,BANANA,"2,800","2,808","2,812",10-09-2025
UTTAR PRADESH,FARRUKHABAD,MAIZE,"1,960","1,985","1,990",10-09-2025
TAMIL NADU,PETHAPPAMPATTI,MAIZE,"2,000","2,000","2,000",10-09-2025
ANDHRA PRADESH,GUNTUR,CHILLI-341,"6,500","7,500","12,500",10-09-2025
RAJASTHAN,CHABRA,GARLIC,"2,400","2,600","6,200",10-09-2025
RAJASTHAN,NAGOUR,MOONG WHOLE (GREEN GRAM),"6,940","7,325","7,852",10-09-2025
RAJASTHAN,SADULSHAHAR,WHEAT,"2,530","2,574","2,574",10-09-2025
MAHARASHTRA,BARSHI,MOONG WHOLE (GREEN GRAM),"6,530","6,840","7,050",10-09-2025
ANDHRA PRADESH,KURNOOL,REDGRAM-RED,"3,497","6,340","6,340",10-09-2025
RAJASTHAN,NADBAI,WHEAT,"2,520","2,570","2,585",10-09-2025
TAMIL NADU,KALLAKURICHI,MAIZE,"2,176","2,317","2,329",10-09-2025
TELANGANA,ZAHEERABAD,GREEN GRAM,"2,021","4,061","8,805",10-09-2025
PUNJAB,HOSHIYARPUR,POTATO,280,550,550,10-09-2025
RAJASTHAN,UDAIPUR F AND V,PAPAYA,"1,500","1,500","1,500",10-09-2025
UTTAR PRADESH,MOHAMADABAD APMC,MAIZE-NEW,"2,125","2,150","2,150",10-09-2025
HARYANA,HANSI,POTATO,"1,200","1,200","3,500",10-09-2025
CHHATTISGARH,BHATAPARA,PADDY-JAI SRIRAM,"2,091","3,330","3,330",10-09-2025
HARYANA,PANIPAT,APPLE -RICH RED LARGE,"3,500","4,200","5,500",10-09-2025
ODISHA,ATTABIRA,BRINJAL,"2,900","2,900","2,900",10-09-2025
RAJASTHAN,DEGANA,GUAR SEEDS,"2,700","4,700","4,800",10-09-2025
RAJASTHAN,JHALRAPATAN,SOYABEANS,"4,200","4,240","4,541",10-09-2025
ODISHA,KENDRAPARA,BRINJAL,"3,500","4,000","4,000",10-09-2025
UTTAR PRADESH,BINDIKI,WHEAT,"2,570","2,580","2,582",10-09-2025
ANDHRA PRADESH,YEMMIGANUR,CASTOR SEED,"5,612","6,029","6,139",10-09-2025
ODISHA,KENDRAPARA,POINTED GOURD (PARWAL),"3,500","3,800","3,800",10-09-2025
HARYANA,SIWANI,GUAR SEEDS,"5,005","5,005","5,005",10-09-2025
PUNJAB,ROPAR,POTATO,"1,000","1,000","1,200",10-09-2025
ODISHA,KENDRAPARA,BITTER GOURD,"3,500","4,000","4,000",10-09-2025
UTTAR PRADESH,BHARUASUMERPUR,WHITE PEAS,"3,200","3,240","3,260",10-09-2025
MADHYA PRADESH,BINA,CHANA GRAM,"4,126","5,780","5,875",10-09-2025
TELANGANA,SURYAPETA,GREEN GRAM,"2,020","5,625","6,869",10-09-2025
PUNJAB,SANGRUR,PADDY-BASMATI1509,"2,900","3,351","3,351",10-09-2025
JAMMU AND KASHMIR,SHOPIAN,PEAR,"5,200","5,200","5,400",10-09-2025
RAJASTHAN,AJMER F AND V,GINGER,"5,500","5,502","5,512",10-09-2025
UTTAR PRADESH,MUSKERA,WHITE PEAS,"3,200","3,200","3,200",10-09-2025
UTTARAKHAND,KHATIMA,POTATO,"1,100","1,100","1,100",10-09-2025
HARYANA,SIRSA,CHANA (BENGAL GRAM)-DESI,"5,411","5,980","6,000",10-09-2025
UTTAR PRADESH,KAIMGANJ,MAIZE-NEW,"2,005","2,015","2,015",10-09-2025
MADHYA PRADESH,KHATEGAON,WHEAT,"2,585","2,627","2,660",10-09-2025
UTTAR PRADESH,MEERUT,POTATO,"1,000","1,000","1,200",10-09-2025
MAHARASHTRA,ANJANGAON SURJI,WHEAT,"2,158","2,789","3,652",10-09-2025
ODISHA,KAMAKHYANAGAR,RAW BANANA,"1,800","1,800","1,800",10-09-2025
RAJASTHAN,CHAKSU,MUSTARD,"6,425","6,993","7,140",10-09-2025
RAJASTHAN,DEOLI,WHEAT,"2,530","2,571","2,604",10-09-2025
UTTARAKHAND,HALDWANI,CABBAGE,920,920,"1,000",10-09-2025
ANDHRA PRADESH,GUNTUR,CHILLI-5,"8,800","8,800","12,000",10-09-2025
RAJASTHAN,BIKANER F AND V,COCONUT,48,55,60,10-09-2025
TELANGANA,WARANGAL,MAIZE BILT,"2,280","2,320","2,320",10-09-2025
HARYANA,FARIDABAD,TOMATO,"1,800","1,800","1,800",10-09-2025
RAJASTHAN,BARAN,PADDY LOCAL,"2,350","2,801","2,876",10-09-2025
RAJASTHAN,JAIPUR F AND V MUHANA,LADY FINGER,"2,500","2,500","2,500",10-09-2025
RAJASTHAN,UDAIPUR F AND V,RIDGE GOURD (TURAI),"2,000","4,000","4,000",10-09-2025
GUJARAT,JAMNAGAR,CUMMIN,"17,250","17,650","17,775",10-09-2025
MADHYA PRADESH,HARDA,CHANA BENGAL GRAM-DOLLAR,"6,199","8,549","8,549",10-09-2025
MAHARASHTRA,BARSHI,SOYABEANS,"3,575","4,040","4,040",10-09-2025
RAJASTHAN,BHINMAL,TINDA,550,600,650,10-09-2025
UTTAR PRADESH,CHARRA,BAJRA,"2,250","2,250","2,251",10-09-2025
ODISHA,GUNUPUR,CUSTARD APPLE,"5,200","5,200","5,200",10-09-2025
GUJARAT,UNAVA APMC,CASTOR SEED,"6,490","6,525","6,535",10-09-2025
TAMIL NADU,VIRUDHACHALAM,GINGELLY_80 KG(TN),"1,299","12,813","12,813",10-09-2025
TAMIL NADU,THIYAGADURGAM,PADDY(75 KG),"1,772","1,866","2,000",10-09-2025
MADHYA PRADESH,CHAURAI,WHEAT,"2,646","2,646","2,649",10-09-2025
UTTARAKHAND,NANAKMATTA,PADDY COMMON,"2,000","2,000","2,000",10-09-2025
MAHARASHTRA,JALNA,BAJRA,"2,530","2,555","2,700",10-09-2025
UTTAR PRADESH,AMROHA APMC,POTATO,800,800,810,10-09-2025
RAJASTHAN,PADAMPUR,WHEAT,"2,540","2,568","2,600",10-09-2025
TAMIL NADU,VILLUPURAM,BAJRA-LOCAL,"2,169","2,865","2,865",10-09-2025
TELANGANA,NARAYANPET,GREEN GRAM,"3,511","3,689","8,381",10-09-2025
RAJASTHAN,AJMER F AND V,GREEN CHILLI,"2,200","2,222","2,244",10-09-2025
RAJASTHAN,DEI,WHEAT,"2,595","2,634","2,635",10-09-2025
HIMACHAL PRADESH,FRUIT MANDI SOLAN,GARLIC,"10,000","10,000","10,000",10-09-2025
RAJASTHAN,NAGOUR,ISBGOL (PSYLLIUM HUSK),"9,000","10,100","10,950",10-09-2025
MADHYA PRADESH,PIPARIYA,ARHAR WHOLE / TUR (RED GRAM),"5,050","5,700","6,100",10-09-2025
TAMIL NADU,BUDALUR,PADDY BPT,"2,500","2,500","2,500",10-09-2025
MADHYA PRADESH,ASHOKNAGAR,SOYABEANS,"4,100","4,100","4,500",10-09-2025
RAJASTHAN,GANGAPUR CITY,WHEAT,"2,475","2,480","2,571",10-09-2025
HARYANA,HANSI,APPLE,"6,000","7,000","15,000",10-09-2025
MADHYA PRADESH,TIKAMGARH,URAD (BLACK GRAM),"4,150","4,250","4,500",10-09-2025
UTTAR PRADESH,MAHOBA,CHANA (BENGAL GRAM)-DESI,"5,260","5,350","5,600",10-09-2025
RAJASTHAN,CHOMU F AND V,TOMATO,"2,310","2,310","2,360",10-09-2025
RAJASTHAN,NOKHA,ISBGOL (PSYLLIUM HUSK),"9,900","9,900","11,300",10-09-2025
RAJASTHAN,CHOMU F AND V,CUCUMBER,"2,010","2,040","2,085",10-09-2025
RAJASTHAN,HINDOUN,BAJRA,"2,200","2,240","2,240",10-09-2025
RAJASTHAN,LOONKARANSAR,GUAR SEEDS,"4,760","4,841","4,886",10-09-2025
RAJASTHAN,CHAKSU,WHEAT,"2,525","2,550","2,614",10-09-2025
HIMACHAL PRADESH,KANGRA,LADY FINGER,"5,000","5,000","5,500",10-09-2025
RAJASTHAN,BIKANER GRAIN,MUSTARD,"5,501","5,501","5,551",10-09-2025
RAJASTHAN,JAIPUR F AND V MUHANA,CABBAGE,"1,500","1,500","1,500",10-09-2025
TAMIL NADU,KULASEKHARAM,BANANA STEM,125,125,125,10-09-2025
UTTAR PRADESH,MILAK,WHEAT,"2,500","2,500","2,520",10-09-2025
UTTARAKHAND,HARIDWAR,ONION,"1,540","1,550","1,550",10-09-2025
HARYANA,FARIDABAD,APPLE,"3,000","4,000","4,000",10-09-2025
HARYANA,SOHNA,MILLET,"1,660","2,000","2,000",10-09-2025
CHHATTISGARH,RAIPUR,PADDY-MTU 1010,"1,700","1,841","1,841",10-09-2025
MADHYA PRADESH,KAROND,SOYA-YELLOW,"3,760","4,229","4,466",10-09-2025
RAJASTHAN,SIKAR,PUMPKIN,700,700,"1,200",10-09-2025
RAJASTHAN,CHOTTISADRI,WHEAT,"2,642","2,675","2,820",10-09-2025
TAMIL NADU,VILLUPURAM,PADDY(75 KG),"1,786","1,844","2,066",10-09-2025
UTTARAKHAND,HARIDWAR,CUCUMBER,930,930,930,10-09-2025
HARYANA,PANIPAT,PADDY-BASMATI1509,"3,111","3,111","3,225",10-09-2025
UTTARAKHAND,HARIDWAR,TOMATO,"1,640","1,650","1,650",10-09-2025
RAJASTHAN,BARMER,PAPAYA,"3,230","3,230","3,230",10-09-2025
RAJASTHAN,KESRISINGHPUR,WHEAT,"2,466","2,585","2,585",10-09-2025
ODISHA,JEYPORE,GREEN CHILLI,"7,000","7,000","7,000",10-09-2025
RAJASTHAN,AJMER F AND V,PAPAYA,"2,100","2,104","2,104",10-09-2025
UTTAR PRADESH,JAHANGIRABAD,PADDY,"2,651","2,651","2,651",10-09-2025
GUJARAT,NAVSARI APMC,TOMATO,"1,800","1,800","1,800",10-09-2025
CHHATTISGARH,SARAIPALI,PADDY-MTU1001,"1,840","1,850","1,850",10-09-2025
GUJARAT,IDAR APMC,MAIZE,"2,350","2,390","2,390",10-09-2025
UTTAR PRADESH,PILIBHIT,ONION,"1,500","1,505","1,510",10-09-2025
MAHARASHTRA,NAGPUR,WHEAT,"2,616","2,676","2,724",10-09-2025
GUJARAT,JASDAN,CUMMIN,"17,815","18,000","18,600",10-09-2025
RAJASTHAN,BARAN,CHANA (BENGAL GRAM),"4,700","5,069","5,420",10-09-2025
TAMIL NADU,DESUR,PADDY ADT-37(TN),"1,692","2,259","2,259",10-09-2025
MAHARASHTRA,RISOD,SOYABEANS,"4,250","4,740","4,800",10-09-2025
UTTAR PRADESH,KOPAGANJ,BANANA,"1,020","1,050","1,050",10-09-2025
UTTAR PRADESH,POWAYAN,PADDY,"1,905","1,905","1,910",10-09-2025
MAHARASHTRA,KARANJA,SOYABEANS,"3,595","4,260","4,260",10-09-2025
RAJASTHAN,BHINMAL,BHINDI (LADIES FINGER),"1,600","1,700","1,750",10-09-2025
TAMIL NADU,SANKARAPURAM,MAIZE,"2,150","2,319","2,319",10-09-2025
HARYANA,ELLANABAD,POTATO,400,800,"1,000",10-09-2025
ODISHA,JATNI,RAW BANANA,"1,750","1,750","1,750",10-09-2025
TELANGANA,HYDERABAD,CHILLIES,"10,500","13,300","15,301",10-09-2025
RAJASTHAN,SRIGANGANAGAR F AND V,CUCUMBER,"1,500","1,500","1,500",10-09-2025
JAMMU AND KASHMIR,PARIMPORA SGR,PEAR,"5,000","5,000","5,000",10-09-2025
RAJASTHAN,NAWALGARH,WHEAT,"2,500","2,500","2,500",10-09-2025
UTTARAKHAND,HARIDWAR,GREEN CHILLI,"1,540","1,540","1,540",10-09-2025
RAJASTHAN,BHAGAT KI KOTHI,MOONG WHOLE (GREEN GRAM),"6,400","6,400","6,400",10-09-2025
RAJASTHAN,BHINMAL,BOTTLE GOURD,550,600,700,10-09-2025
RAJASTHAN,ITAWA,FENUGREEK (WHOLE),"4,076","4,076","4,700",10-09-2025
GUJARAT,IDAR APMC,WHEAT,"2,680","2,680","2,895",10-09-2025
MADHYA PRADESH,PIPARIYA,CHANA (BENGAL GRAM)-DESI,"5,100","5,660","5,830",10-09-2025
UTTAR PRADESH,CHIBRAMAU,POTATO,700,700,700,10-09-2025
HARYANA,HANSI,TOMATO,"3,000","3,000","4,000",10-09-2025
RAJASTHAN,BIKANER F AND V,GREEN CHILLI,"1,930","1,960","2,000",10-09-2025
RAJASTHAN,KESRISINGHPUR,MUSTARD,"6,221","6,545","6,593",10-09-2025
ODISHA,JEYPORE,CAULIFLOWER,"5,500","5,500","5,500",10-09-2025
UTTAR PRADESH,SHAHJAHANPUR,POTATO,"1,000","1,000","1,000",10-09-2025
ODISHA,BALASORE,CABBAGE,"5,000","5,000","5,000",10-09-2025
RAJASTHAN,BARMER,ONION,"1,920","1,920","1,920",10-09-2025
RAJASTHAN,BIKANER F AND V,GARLIC,"4,950","5,000","5,000",10-09-2025
TAMIL NADU,VADASERY,COCONUT COIR_DECORTICATED FIBR,150,150,150,10-09-2025
CHHATTISGARH,RAJNANDGAON,SOYABEANS,"4,000","4,000","4,100",10-09-2025
HARYANA,DABWALI,POTATO,525,"1,000","1,000",10-09-2025
ODISHA,JATNI,CAULIFLOWER,"2,260","2,260","2,260",10-09-2025
MAHARASHTRA,CHALISGAON,MAIZE,"1,337","1,351","2,110",10-09-2025
RAJASTHAN,CHABRA,WHEAT,"2,588","2,684","2,684",10-09-2025
MADHYA PRADESH,JABALPUR,MASOOR,"4,100","6,150","6,300",10-09-2025
ODISHA,JATNI,PUMPKIN,"1,600","1,600","1,600",10-09-2025
ODISHA,JEYPORE,POINTED GOURD (PARWAL),"4,200","4,200","4,200",10-09-2025
RAJASTHAN,BIKANER GRAIN,WHEAT,"2,520","2,880","2,880",10-09-2025
UTTAR PRADESH,BULANDSHAHAR,POTATO,850,850,860,10-09-2025
UTTARAKHAND,VIKASNAGAR,CAULIFLOWER,"1,400","1,500","1,800",10-09-2025
MAHARASHTRA,BARSHI,URAD DAAL,"5,870","6,000","6,000",10-09-2025
RAJASTHAN,JAIPUR F AND V MUHANA,CAPSICUM,"5,000","5,000","5,000",10-09-2025
TELANGANA,TIRUMALGIRI,MAIZE,"1,701","1,701","1,950",10-09-2025
RAJASTHAN,BARMER,BANANA,"2,330","2,330","2,330",10-09-2025
RAJASTHAN,MAHUWA RJ,WHEAT,"2,450","2,500","2,500",10-09-2025
HARYANA,PANIPAT,BANANA,"2,100","2,400","2,400",10-09-2025
ODISHA,JATNI,PAPAYA,"1,700","1,700","1,700",10-09-2025
RAJASTHAN,ITAWA,CORIANDER WHOLE,"5,775","6,760","7,126",10-09-2025
RAJASTHAN,UDAIPUR F AND V,LEMON,"1,500","2,500","3,500",10-09-2025
UTTAR PRADESH,NOIDA APMC,GREEN CHILLI,"2,240","2,510","2,550",10-09-2025
RAJASTHAN,CHOTTISADRI,GARLIC,"1,501","3,241","9,501",10-09-2025
TELANGANA,KHAMMAM,COTTON-BAGS,"4,500","6,900","7,475",10-09-2025
UTTAR PRADESH,BADAUN,POTATO,720,720,720,10-09-2025
UTTAR PRADESH,HATHRAS,MAIZE YELLOW,"1,910","1,910","2,050",10-09-2025
UTTAR PRADESH,JALALABAD APMC,MAIZE,"2,100","2,100","2,100",10-09-2025
UTTARAKHAND,ROORKEE,TOMATO,"1,200","1,300","1,300",10-09-2025
CHHATTISGARH,BHATAPARA,PADDY-VISHNUBHOG,"4,950","7,000","7,800",10-09-2025
ODISHA,BALASORE,TOMATO,"4,000","4,000","4,000",10-09-2025
TELANGANA,TANDUR,URAD (BLACK GRAM),"4,006","4,059","6,669",10-09-2025
RAJASTHAN,UDAIPUR F AND V,BITTER GOURD,"1,750","2,750","3,000",10-09-2025
ANDHRA PRADESH,KADAPA,TURMERIC FINGER,"10,602","10,602","10,652",10-09-2025
ANDHRA PRADESH,PALAMANER,TOMATO,"1,500","1,500","15,600",10-09-2025
ODISHA,JEYPORE,TOMATO,"3,800","3,800","3,800",10-09-2025
ODISHA,JEYPORE,BRINJAL,"3,300","3,300","3,300",10-09-2025
UTTAR PRADESH,SHAMLI,POTATO,"1,000","1,200","1,200",10-09-2025
UTTARAKHAND,DEHRADUN,POTATO,"1,300","1,300","1,300",10-09-2025
ANDHRA PRADESH,ADONI,CASTOR SEED,"5,533","6,088","6,194",10-09-2025
HARYANA,THANESAR,TOMATO,"1,750","2,000","2,000",10-09-2025
MADHYA PRADESH,KRISHI UPAJ MANDI SAMITI-KOLARAS,SOYABEANS,"4,050","4,050","4,395",10-09-2025
RAJASTHAN,SRIKARANPUR,WHEAT,"2,579","2,801","2,801",10-09-2025
HIMACHAL PRADESH,PATIKUHAL,APPLE,"1,100","4,000","6,000",10-09-2025
RAJASTHAN,SIKAR,SQUASH,500,800,"1,000",10-09-2025
RAJASTHAN,SIKAR,BHINDI (LADIES FINGER),"1,300","1,600","3,000",10-09-2025
GUJARAT,JASDAN,SESAME SEED,"7,500","8,600","8,600",10-09-2025
MAHARASHTRA,CHAMORSHI,PADDY LOCAL,"3,700","3,700","3,700",10-09-2025
RAJASTHAN,MERTA CITY,SOUNF,"5,001","6,600","7,900",10-09-2025
CHHATTISGARH,NAVAPARA,PADDY-MAHAMAYA,"1,682","1,842","2,722",10-09-2025
ODISHA,JEYPORE,CABBAGE,"2,850","2,850","2,850",10-09-2025
ODISHA,JUNAGARH,TOMATO,"2,700","3,000","3,000",10-09-2025
RAJASTHAN,BIKANER GRAIN,GUAR SEEDS,"4,294","4,773","4,801",10-09-2025
UTTAR PRADESH,NOIDA APMC,TOMATO,"2,800","2,860","2,860",10-09-2025
CHHATTISGARH,KURUD,PADDY-IR.64,"1,701","1,900","1,905",10-09-2025
RAJASTHAN,BARMER,POTATO,"1,420","1,420","1,420",10-09-2025
RAJASTHAN,JAIPUR F AND V MUHANA,PUMPKIN,"1,000","1,000","1,000",10-09-2025
MAHARASHTRA,AMRAVATI,WHEAT,"2,500","2,700","3,000",10-09-2025
ODISHA,ANANDAPUR,PUMPKIN,"2,000","2,000","2,000",10-09-2025
RAJASTHAN,NIMBAHERA,MUSTARD,"6,399","6,811","6,811",10-09-2025
RAJASTHAN,SIKAR,GUAVA,900,"1,000","1,300",10-09-2025
MAHARASHTRA,SHRIRAMPUR,ONION,965,990,"1,000",10-09-2025
RAJASTHAN,JAIPUR F AND V MUHANA,SPINACH (PALAK),"2,200","2,200","2,200",10-09-2025
RAJASTHAN,JODHPUR F AND V,BOTTLE GOURD,"1,500","1,500","2,800",10-09-2025
RAJASTHAN,SRIGANGANAGAR F AND V,GUAVA,"1,500","1,500","1,500",10-09-2025
TELANGANA,SURYAPETA,PADDY HMT,"1,519","2,339","2,486",10-09-2025
UTTAR PRADESH,NAWABGANJ APMC,WHEAT,"2,500","2,500","2,500",10-09-2025
GUJARAT,MODASA,WHEAT,"2,805","2,835","2,835",10-09-2025
TAMIL NADU,THIRUKOVILUR,GROUNDNUT KERNEL_80 KG(TN),"6,014","9,900","10,038",10-09-2025
UTTAR PRADESH,GOLAGOKARNATH,BANANA,995,"1,000","1,010",10-09-2025
UTTAR PRADESH,MADHOGANJ,WHEAT,"2,480","2,510","2,520",10-09-2025
UTTARAKHAND,HALDWANI,TOMATO,"1,200","1,200","1,200",10-09-2025
ODISHA,ATTABIRA,POINTED GOURD (PARWAL),"2,700","2,700","2,700",10-09-2025
RAJASTHAN,LOONKARANSAR,MOTH,"4,900","5,331","5,331",10-09-2025
RAJASTHAN,NAWALGARH,MUSTARD SEED,"6,300","6,300","6,500",10-09-2025
ANDHRA PRADESH,DENDULURU,LEMON,"1,500","1,500","2,600",10-09-2025
CHHATTISGARH,RAIPUR,PADDY-BPT,"1,726","1,861","1,882",10-09-2025
RAJASTHAN,JODHPUR F AND V,GARLIC,"3,500","3,500","6,000",10-09-2025
RAJASTHAN,SRIGANGANAGAR F AND V,APPLE,"7,500","7,500","7,500",10-09-2025
PUNJAB,FATHEGARH SAHIB,POTATO,600,600,"1,100",10-09-2025
MAHARASHTRA,NAGPUR,CHANA (BENGAL GRAM)-DESI,"5,300","5,700","5,822",10-09-2025
RAJASTHAN,AJMER F AND V,APPLE,"6,000","6,014","6,018",10-09-2025
MAHARASHTRA,KATOL,TUR/ARHAR,"5,800","5,800","5,990",10-09-2025
RAJASTHAN,DEI,MUSTARD,"6,350","6,680","6,770",10-09-2025
RAJASTHAN,SRI VIJAYNAGAR,MUSTARD,"6,434","6,522","6,522",10-09-2025
UTTARAKHAND,VIKASNAGAR,CABBAGE,"1,400","1,500","1,600",10-09-2025
RAJASTHAN,BANDIKUI,MUSTARD,"6,110","6,625","6,730",10-09-2025
ODISHA,ATTABIRA,PUMPKIN,900,900,900,10-09-2025
RAJASTHAN,BHAWANI MANDI,WHEAT,"2,000","2,489","2,489",10-09-2025
RAJASTHAN,MAHUWA MANDAWAR,WHEAT,"2,511","2,537","2,540",10-09-2025
RAJASTHAN,SADULPUR,BAJRA,"2,100","2,200","2,200",10-09-2025
UTTAR PRADESH,NOIDA APMC,CUCUMBER,"2,350","2,610","2,650",10-09-2025
HARYANA,THANESAR,APPLE -RICH RED MEDIUM,"3,000","3,000","5,000",10-09-2025
ODISHA,KENDRAPARA,LESSER YAM,"2,800","2,800","2,800",10-09-2025
RAJASTHAN,IKLERA,CORIANDAR,"6,523","6,532","6,958",10-09-2025
CHHATTISGARH,RAJIM,SWARNA PADDY,"1,810","2,042","2,050",10-09-2025
HARYANA,PANIPAT,CUCUMBER,500,700,700,10-09-2025
RAJASTHAN,BARMER,CHILLI NS 250 BULLET,"3,236","3,236","3,236",10-09-2025
RAJASTHAN,BHINMAL,ONION,"1,600","1,700","1,700",10-09-2025
HARYANA,CH DADRI,MUSTARD,"7,000","7,000","7,000",10-09-2025
ODISHA,JALESWAR,PUMPKIN,"2,000","2,000","2,000",10-09-2025
ODISHA,JALESWAR,POTATO,"2,000","2,000","2,000",10-09-2025
ODISHA,TALCHER,PUMPKIN,"1,600","1,600","1,600",10-09-2025
RAJASTHAN,JAIPUR F AND V MUHANA,CAULIFLOWER,"1,500","1,500","1,500",10-09-2025
RAJASTHAN,JAIPUR F AND V MUHANA,ORANGE,"1,800","1,800","1,800",10-09-2025
RAJASTHAN,JAIPUR F AND V MUHANA,CORIANDAR,"3,000","3,000","3,000",10-09-2025
RAJASTHAN,MAHUWA MANDAWAR,BAJRA,"2,150","2,207","2,207",10-09-2025
TAMIL NADU,AMBASAMUTHIRAM,BANANA OTHERS,100,100,100,10-09-2025
TAMIL NADU,ODDANCHATRAM,LADY FINGER,300,300,300,10-09-2025
TAMIL NADU,THIRUVADANAI,PUMPKIN,300,300,300,10-09-2025
UTTAR PRADESH,ACHNERA,WHEAT,"2,570","2,570","2,570",10-09-2025
UTTAR PRADESH,KHALILABAD,GREEN CHILLI,"2,000","2,000","2,000",10-09-2025
UTTARAKHAND,DEHRADUN,TOMATO,"2,300","2,300","2,300",10-09-2025
UTTARAKHAND,RISHIKESH,POTATO,"1,525","1,525","1,525",10-09-2025
UTTARAKHAND,SITARGANJ,POTATO,"1,000","1,000","1,000",10-09-2025
ODISHA,ATTABIRA,BOTTLE GOURDE,"2,500","2,500","2,500",10-09-2025
ODISHA,BALASORE,PUMPKIN,"1,000","1,000","1,000",10-09-2025
RAJASTHAN,SRIGANGANAGAR F AND V,BOTTLE GOURD,"1,500","1,500","1,500",10-09-2025
ANDHRA PRADESH,GUNTUR,CHILLI-DEVANURU DELUX,"13,000","13,500","14,000",10-09-2025
HARYANA,AMBALA CANTT. APMC,POTATO,800,800,800,10-09-2025
RAJASTHAN,BHINMAL,POTATO,"1,500","1,500","1,600",10-09-2025
RAJASTHAN,GAJSINGHPUR,WHEAT,"2,451","2,605","2,605",10-09-2025
ANDHRA PRADESH,PIDUGURALLA,CHILLI-334,"9,000","13,000","14,500",10-09-2025
UTTARAKHAND,MANGLOUR,APPLE,"2,607","2,610","2,614",10-09-2025
ODISHA,BALASORE,BRINJAL,"3,500","3,500","3,500",10-09-2025
ODISHA,BALASORE,LADY FINGER,"3,500","3,500","3,500",10-09-2025
TAMIL NADU,VIKIRAVANDI,BAJRA,"2,489","2,871","2,877",10-09-2025
UTTARAKHAND,GADARPUR,PADDY-J.J,"1,900","1,900","1,900",10-09-2025
MADHYA PRADESH,KRISHI UPAJ MANDI SAMITI-KOLARAS,CHANA (BENGAL GRAM),"5,005","5,005","5,710",10-09-2025
RAJASTHAN,CHOTTISADRI,SOYABEANS,"3,481","3,821","4,350",10-09-2025
UTTAR PRADESH,SULTANPUR,WHEAT,"2,500","2,500","2,500",10-09-2025
GUJARAT,RAJKOT,CHANA GRAM,"4,520","4,520","5,510",10-09-2025
MAHARASHTRA,NER PARASOPANT,TUR/ARHAR,"5,895","6,120","6,125",10-09-2025
ODISHA,BETNOTI,PUMPKIN,800,800,800,10-09-2025
RAJASTHAN,MERTA CITY,CHANA (BENGAL GRAM),"5,001","5,490","5,545",10-09-2025
RAJASTHAN,NIWAI,CHANA (BENGAL GRAM),"5,350","5,350","5,560",10-09-2025
UTTAR PRADESH,MEERUT,GREEN CHILLI,"2,300","2,500","2,500",10-09-2025
ODISHA,JATNI,CABBAGE,"2,050","2,050","2,050",10-09-2025
RAJASTHAN,NAGOUR,SOUNF,"4,000","6,000","7,500",10-09-2025
RAJASTHAN,SANGARIYA,WHEAT,"2,535","2,545","2,546",10-09-2025
MAHARASHTRA,BABHULGAON,SOYABEANS,"1,500","4,375","4,575",10-09-2025
JAMMU AND KASHMIR,PARIMPORA SGR,APPLE,"5,800","5,800","5,800",10-09-2025
ODISHA,RAYAGADA,DRUMSTICK,"3,000","3,000","3,000",10-09-2025
RAJASTHAN,KEKRI,MUSTARD,"6,121","6,550","6,801",10-09-2025
RAJASTHAN,SRIGANGANAGAR F AND V,PAPAYA,"2,400","2,400","2,400",10-09-2025
UTTAR PRADESH,SAHIYAPUR,BOTTLE GOURD,"1,525","1,525","1,525",10-09-2025
UTTARAKHAND,VIKASNAGAR,BOTTLE GOURD,"1,500","1,500","1,600",10-09-2025
UTTARAKHAND,VIKASNAGAR,CARROT,"1,500","1,600","1,600",10-09-2025
UTTARAKHAND,VIKASNAGAR,TOMATO,"1,300","1,600","1,600",10-09-2025
ANDHRA PRADESH,KURNOOL,BAJRA,"2,020","2,105","2,105",10-09-2025
MAHARASHTRA,CHAMORSHI,PADDY-JAI SRIRAM,"3,000","3,000","3,560",10-09-2025
RAJASTHAN,LALSOT,MUSTARD,"6,695","6,735","6,801",10-09-2025
RAJASTHAN,RAMGANJ MANDI,CHANA GRAM,"5,245","5,391","5,502",10-09-2025
RAJASTHAN,UDAIPUR F AND V,CABBAGE,"1,500","1,750","2,000",10-09-2025
UTTAR PRADESH,HAPUR,JAGGERY,"4,500","4,500","4,500",10-09-2025
HARYANA,ELLANABAD,MOONG WHOLE (GREEN GRAM),"3,405","5,295","6,245",10-09-2025
RAJASTHAN,BIKANER F AND V,BOTTLE GOURD,"1,750","1,750","1,800",10-09-2025
RAJASTHAN,CHOMU F AND V,CAULIFLOWER,"3,515","3,550","3,640",10-09-2025
RAJASTHAN,JODHPUR F AND V,RIDGE GOURD (TURAI),"2,900","3,000","3,400",10-09-2025
RAJASTHAN,KHANPUR,CHANA (BENGAL GRAM)-DESI,"5,201","5,681","5,749",10-09-2025
TAMIL NADU,NATHAM,BANANA,300,300,300,10-09-2025
HIMACHAL PRADESH,PALAMPUR,TOMATO,"2,500","2,500","2,500",10-09-2025
MAHARASHTRA,AHILYANAGAR,URAD (BLACK GRAM),"6,080","6,125","6,320",10-09-2025
ODISHA,ATTABIRA,IVY GOURD (KUNDRU),"2,500","2,500","2,500",10-09-2025
RAJASTHAN,UDAIPUR F AND V,GUAVA,"2,000","2,000","3,000",10-09-2025
UTTAR PRADESH,UNNAO APMC,POTATO,"1,108","1,115","1,115",10-09-2025
RAJASTHAN,CHOMU F AND V,BOTTLE GOURD,"2,710","2,750","2,750",10-09-2025
GUJARAT,NAVSARI APMC,ONION RED,"1,500","1,500","1,500",10-09-2025
MADHYA PRADESH,JABALPUR,TUR/ARHAR,"4,305","5,365","5,875",10-09-2025
RAJASTHAN,SRI VIJAYNAGAR,WHEAT,"2,567","2,597","2,648",10-09-2025
UTTARAKHAND,VIKASNAGAR,CUCUMBER,"1,400","1,600","1,600",10-09-2025
UTTARAKHAND,VIKASNAGAR,BITTER GOURD,"1,600","1,600","1,700",10-09-2025
ANDHRA PRADESH,DUGGIRALA,TURMERIC FINGER,"8,500","10,400","10,400",10-09-2025
HARYANA,PANIPAT,CABBAGE,600,600,800,10-09-2025
MADHYA PRADESH,DAMOH,CHANA (BENGAL GRAM)-DESI,"5,500","6,200","6,325",10-09-2025
RAJASTHAN,CHOMU F AND V,APPLE,"6,520","6,520","7,020",10-09-2025
CHHATTISGARH,KAWARADHA,SOYABEANS,"4,000","4,010","4,020",10-09-2025
CHHATTISGARH,MUNGELI,PADDY-MAHAMAYA,"1,767","1,786","2,037",10-09-2025
CHHATTISGARH,NAVAPARA,SWARNA PADDY,"1,558","1,990","2,036",10-09-2025
HARYANA,HANSI,ONION,"1,500","2,000","2,500",10-09-2025
ODISHA,PATNAGARH,WATER MELON,"1,400","1,400","1,400",10-09-2025
RAJASTHAN,SIKAR,RIDGE GOURD (TURAI),"2,000","4,000","4,800",10-09-2025
UTTAR PRADESH,NOIDA APMC,BRINJAL,"2,800","2,840","3,450",10-09-2025
RAJASTHAN,KHAIRTHAL,BAJRA-LOCAL,"1,540","1,600","2,000",10-09-2025
RAJASTHAN,NIMBAHERA,GROUND NUT,"4,251","4,600","5,250",10-09-2025
TELANGANA,SURYAPETA,REDGRAM-RED,"4,052","4,052","6,009",10-09-2025
ODISHA,JALESWAR,IVY GOURD (KUNDRU),"2,000","2,000","2,000",10-09-2025
ODISHA,JALESWAR,LADY FINGER,"4,800","4,800","4,800",10-09-2025
ODISHA,RAYAGADA,BRINJAL-HYBRID,"2,500","2,500","2,500",10-09-2025
RAJASTHAN,DOONI,WHEAT,"2,450","2,520","2,530",10-09-2025
RAJASTHAN,SRIGANGANAGAR F AND V,POMEGRANATE,"13,000","13,000","13,000",10-09-2025
TAMIL NADU,KALAVAI,PADDY(75 KG),"1,204","1,699","1,763",10-09-2025
UTTAR PRADESH,BANGARMAU,WHEAT,"2,550","2,550","2,550",10-09-2025
UTTAR PRADESH,HASANPUR APMC,POTATO,"1,000","1,000","1,000",10-09-2025
MAHARASHTRA,VANI,TUR/ARHAR,"3,000","6,140","6,165",10-09-2025
ODISHA,BALUGAON,BRINJAL,"2,500","2,500","2,560",10-09-2025
PUNJAB,ABOHAR,COTTON,"4,600","5,905","6,721",10-09-2025
RAJASTHAN,BIKANER F AND V,CUCUMBER,"1,940","2,000","2,000",10-09-2025
RAJASTHAN,JODHPUR F AND V,BITTER GOURD,"1,500","2,000","3,000",10-09-2025
TAMIL NADU,VIRUDHACHALAM,MAIZE,"2,101","2,101","2,333",10-09-2025
TELANGANA,NIZAMABAD,TURMERIC BULB,"8,089","8,089","10,701",10-09-2025
UTTAR PRADESH,BARABANKI,PUMPKIN,"1,545","1,550","1,555",10-09-2025
ANDHRA PRADESH,PALAMANER,CABBAGE,600,600,800,10-09-2025
HARYANA,SIRSA,AMERICAN-COTTON,"6,100","6,570","6,570",10-09-2025
HIMACHAL PRADESH,BHUNTAR,APPLE,"1,000","5,400","6,000",10-09-2025
RAJASTHAN,SIKAR,SWEET CORN,"1,300","2,000","2,000",10-09-2025
UTTAR PRADESH,NOIDA APMC,BOTTLE GOURD,"2,230","2,400","3,410",10-09-2025
UTTAR PRADESH,SAHARANPUR,BRINJAL,"1,900","2,000","2,250",10-09-2025
UTTARAKHAND,HARIDWAR,RADDISH,930,930,930,10-09-2025
ANDHRA PRADESH,PIDUGURALLA,CHILLI-TEJA,"10,000","14,500","15,300",10-09-2025
RAJASTHAN,BHINMAL,APPLE,"3,850","3,900","4,000",10-09-2025
RAJASTHAN,BIKANER F AND V,MOUSAMBI,"2,430","2,580","2,600",10-09-2025
TELANGANA,KESAMUDRAM,GREEN GRAM,"3,129","5,033","6,189",10-09-2025
UTTARAKHAND,HARIDWAR,BOTTLE GOURD,"1,030","1,030","1,040",10-09-2025
HARYANA,GURGAON,BHINDI (LADIES FINGER),"1,958","1,958","2,558",10-09-2025
HARYANA,PANIPAT,GREEN CHILLI,500,800,800,10-09-2025
RAJASTHAN,NOKHA,GUAR SEEDS,"4,800","4,800","4,900",10-09-2025
UTTARAKHAND,HARIDWAR,PUMPKIN,880,880,880,10-09-2025
MAHARASHTRA,JALNA,WHEAT,"2,600","2,600","2,600",10-09-2025
RAJASTHAN,JODHPUR F AND V,TINDA,"2,000","2,000","3,000",10-09-2025
RAJASTHAN,RAWLA,MUSTARD,"5,950","6,565","6,765",10-09-2025
RAJASTHAN,UDAIPUR F AND V,APPLE,"4,000","4,000","8,000",10-09-2025
RAJASTHAN,UDAIPUR F AND V,ARBI (COLACASIA),"1,200","1,600","1,600",10-09-2025
UTTAR PRADESH,CHANDAUSI,GREEN CHILLI,"2,740","2,750","2,790",10-09-2025
UTTAR PRADESH,GORAKHPUR,BOTTLE GOURD,710,710,720,10-09-2025
RAJASTHAN,GOLUWALA,WHEAT,"2,593","2,596","2,596",10-09-2025
UTTAR PRADESH,SAHARANPUR,BOTTLE GOURD,"1,150","1,200","1,500",10-09-2025
GUJARAT,HALVAD,SESAME SEED,"9,588","9,666","9,852",10-09-2025
TELANGANA,WANAPARTHY TOWN,GROUND NUT NEW,"4,451","5,384","5,899",10-09-2025
UTTAR PRADESH,MAURANIPUR,CHANA (BENGAL GRAM)-DESI,"5,308","5,308","5,308",10-09-2025
MADHYA PRADESH,GADARWARA,CHANA,"5,470","5,730","5,811",10-09-2025
RAJASTHAN,JODHPUR F AND V,ONION RED,800,800,"1,200",10-09-2025
RAJASTHAN,SRIGANGANAGAR F AND V,COCONUT,"3,100","3,100","3,100",10-09-2025
UTTARAKHAND,RUDRAPUR,ONION,"1,400","1,400","1,400",10-09-2025
HARYANA,AMBALA CANTT. APMC,ONION,"1,300","1,300","1,300",10-09-2025
HARYANA,FEROZPUR JHIRKA APMC,BAJRA,"2,200","2,200","2,200",10-09-2025
HARYANA,GURGAON,BOTTLE GOURD,"1,000","1,355","1,355",10-09-2025
MAHARASHTRA,CHANDUR BAZAR,SOYA-YELLOW,"4,090","4,090","4,200",10-09-2025
MAHARASHTRA,JALNA,JOWAR,"2,625","2,625","2,625",10-09-2025
ODISHA,BIRAMAHARAJPUR,PUMPKIN,800,800,800,10-09-2025
ODISHA,JALESWAR,BRINJAL,"4,500","4,500","4,500",10-09-2025
ODISHA,RAYAGADA,CAULIFLOWER,"3,000","3,000","3,000",10-09-2025
RAJASTHAN,NOHAR,MOONG WHOLE (GREEN GRAM),"2,300","5,200","5,800",10-09-2025
RAJASTHAN,PADAMPUR,CHANA (BENGAL GRAM)-DESI,"4,900","5,491","5,590",10-09-2025
UTTARAKHAND,HARIDWAR,LADY FINGER,"1,530","1,530","1,530",10-09-2025
ANDHRA PRADESH,KADAPA,TURMERIC BULB,"10,252","10,252","10,399",10-09-2025
ODISHA,BALUGAON,BANANA,"1,500","1,500","1,560",10-09-2025
RAJASTHAN,AJMER F AND V,GUAVA,"2,700","2,706","2,706",10-09-2025
RAJASTHAN,BHINMAL,TOMATO,"1,400","1,750","1,800",10-09-2025
RAJASTHAN,KAPASAN,WHEAT,"2,550","2,620","2,740",10-09-2025
HARYANA,ELLANABAD,APPLE,"2,700","9,000","9,000",10-09-2025
HIMACHAL PRADESH,DHALLI SHIMLA,APPLE,"10,000","10,000","10,000",10-09-2025
RAJASTHAN,AJMER F AND V,SWEET LEMON (MOSAMBI),"3,800","3,800","3,810",10-09-2025
RAJASTHAN,JALORE,TOMATO,"1,500","2,500","2,500",10-09-2025
ODISHA,BAHADAJHOLA,LADY FINGER,"4,875","5,000","5,000",10-09-2025
RAJASTHAN,PRATAPGARH RJ,LINSEED,"7,445","7,622","7,622",10-09-2025
RAJASTHAN,SADULSHAHAR,MUSTARD SEED,"6,457","6,567","6,638",10-09-2025
UTTAR PRADESH,ACHHALDA APMC,WHEAT,"2,400","2,400","2,401",10-09-2025
HARYANA,SIRSA,GHERKIN,"2,500","2,600","2,800",10-09-2025
HARYANA,THANESAR,CAULIFLOWER,"2,000","2,500","2,500",10-09-2025
MAHARASHTRA,WAI,ONION,500,"1,650","2,010",10-09-2025
RAJASTHAN,SRIGANGANAGAR F AND V,SWEET LEMON (MOSAMBI),"4,000","4,000","4,000",10-09-2025
RAJASTHAN,SUMERPUR,CASTOR SEED,"6,248","6,250","6,320",10-09-2025
TAMIL NADU,TINDIVANAM,GROUNDNUT KERNEL_80 KG(TN),"6,667","7,174","10,224",10-09-2025
TELANGANA,NIZAMABAD,GINGILY (SESAME SEED)- WHITE,"8,558","10,379","10,455",10-09-2025
UTTARAKHAND,DEHRADUN,BRINJAL,"1,300","1,300","1,300",10-09-2025
GUJARAT,KALOL,CASTOR SEED,"6,480","6,490","6,505",10-09-2025
HARYANA,BARWALA HISAR,POTATO,"1,000","1,000","1,000",10-09-2025
HARYANA,PANIPAT,SWEET LEMON (MOSAMBI),"2,100","2,300","2,400",10-09-2025
ODISHA,JALESWAR,POINTED GOURD (PARWAL),"5,000","5,000","5,000",10-09-2025
RAJASTHAN,BARMER,TOMATO,"3,525","3,525","3,525",10-09-2025
RAJASTHAN,BHARATPUR,BAJRA,"1,700","1,895","2,581",10-09-2025
RAJASTHAN,BHINMAL,BANANA,"2,800","2,950","3,000",10-09-2025
RAJASTHAN,BIKANER GRAIN,CHANA (BENGAL GRAM)-DESI,"4,801","5,652","5,895",10-09-2025
RAJASTHAN,CHOMEHLA,SOYABEANS,"4,240","4,240","4,325",10-09-2025
RAJASTHAN,KEKRI,WHEAT,"2,451","2,534","2,561",10-09-2025
TAMIL NADU,VIRUDHACHALAM,BAJRA-LOCAL,"2,188","2,188","2,500",10-09-2025
UTTAR PRADESH,MUSKERA,WHEAT,"2,500","2,500","2,500",10-09-2025
UTTARAKHAND,HARIDWAR,LEMON,"1,740","1,740","1,740",10-09-2025
ODISHA,BARIPADA,PUMPKIN,"1,000","1,000","1,000",10-09-2025
RAJASTHAN,KESRISINGHPUR,GUAR SEEDS,"4,100","4,600","4,600",10-09-2025
RAJASTHAN,KESRISINGHPUR,MOONG WHOLE (GREEN GRAM),"5,051","5,557","5,800",10-09-2025
RAJASTHAN,LOONKARANSAR,WHEAT,"2,571","2,571","2,678",10-09-2025
RAJASTHAN,PRATAPGARH RJ,FENUGREEK (WHOLE),"3,396","4,490","4,920",10-09-2025
UTTAR PRADESH,NAJIBABAD APMC,TOMATO,"1,890","1,900","1,920",10-09-2025
CHHATTISGARH,BHATAPARA,PADDY-HMT,"2,200","2,300","2,500",10-09-2025
CHHATTISGARH,RAJNANDGAON,CHANA GRAM,"4,111","5,450","5,470",10-09-2025
ODISHA,BAHADAJHOLA,CAULIFLOWER,"4,850","5,000","5,000",10-09-2025
ODISHA,PARALAKHEMUNDI,RAW BANANA,"1,500","1,500","1,500",10-09-2025
RAJASTHAN,BANDIKUI,WHEAT,"2,448","2,580","2,590",10-09-2025
RAJASTHAN,LOONKARANSAR,MUSTARD,"5,900","5,900","5,900",10-09-2025
RAJASTHAN,UDAIPUR F AND V,CAPSICUM,"4,000","4,000","5,000",10-09-2025
TAMIL NADU,VIRUDHACHALAM,URAD (BLACK GRAM),"2,489","6,851","6,951",10-09-2025
TELANGANA,WARANGAL,TURMERIC FINGER,"4,445","9,069","10,359",10-09-2025
WEST BENGAL,KARIMPUR SUBMARKET YARD,POINTED GOURD (PARWAL),"2,820","2,820","2,820",10-09-2025
HARYANA,BARWALA HISAR,APPLE,"2,000","7,000","12,000",10-09-2025
HARYANA,GURGAON,CUCUMBER,"1,355","2,255","2,255",10-09-2025
MAHARASHTRA,NAGPUR,SOYABEANS,"4,125","4,125","4,350",10-09-2025
ODISHA,BAHADAJHOLA,CUCUMBER,"2,695","2,695","3,000",10-09-2025
RAJASTHAN,UDAIPUR F AND V,BOTTLE GOURD,"2,000","2,000","3,250",10-09-2025
UTTAR PRADESH,GURSARAI,WHEAT,"2,510","2,510","2,510",10-09-2025
UTTAR PRADESH,SAHARANPUR,BITTER GOURD,"2,100","2,400","2,500",10-09-2025
HARYANA,PANIPAT,SPONGE GOURD,500,600,750,10-09-2025
RAJASTHAN,BARMER,CUCUMBER,"3,030","3,030","3,030",10-09-2025
GUJARAT,WANKANER APMC,WHEAT,"2,539","2,595","2,619",10-09-2025
HARYANA,BARWALA HISAR,ONION,"1,700","1,800","1,800",10-09-2025
HARYANA,GURGAON,BANANA,"2,255","2,255","2,255",10-09-2025
HARYANA,NARAINGARH APMC,POTATO,800,"1,050","1,050",10-09-2025
HARYANA,TARAORI,PADDY-BASMATI1121,"2,380","2,380","2,380",10-09-2025
MADHYA PRADESH,BINA,MASOOR,"6,011","6,486","6,540",10-09-2025
ODISHA,ANGUL,PAPAYA,610,610,610,10-09-2025
ODISHA,JALESWAR,TOMATO,"3,200","3,200","3,200",10-09-2025
ODISHA,RAYAGADA,CABBAGE,"1,500","1,500","1,500",10-09-2025
RAJASTHAN,JAIPUR F AND V MUHANA,CUSTARD APPLE,"3,000","3,000","3,000",10-09-2025
TAMIL NADU,VILLUPURAM,COTTON,"3,499","8,110","8,110",10-09-2025
UTTAR PRADESH,BANGARMAU,MAIZE-NEW,"2,050","2,055","2,055",10-09-2025
UTTARAKHAND,HARIDWAR,GINGER,"1,730","1,730","1,730",10-09-2025
UTTARAKHAND,ROORKEE,CUCUMBER,"1,300","1,300","1,300",10-09-2025
WEST BENGAL,NAKASHIPARA KRISHAK BAZAR,MARI GOLD,"6,230","6,250","6,275",10-09-2025
JAMMU AND KASHMIR,HANDWARA,APPLE,"5,450","6,550","6,700",10-09-2025
MADHYA PRADESH,KRISHI UPAJ MANDI SAMITI-KHURAI,SOYABEANS,"4,250","4,250","4,345",10-09-2025
RAJASTHAN,SIKAR,CAULIFLOWER,"2,800","4,500","5,000",10-09-2025
RAJASTHAN,SRIGANGANAGAR F AND V,CAULIFLOWER,"4,000","4,000","4,000",10-09-2025
TELANGANA,BHAINSA,SESAME SEED,"8,259","9,877","10,339",10-09-2025
HARYANA,THANESAR,SWEET LEMON (MOSAMBI),"3,000","3,000","3,500",10-09-2025
UTTARAKHAND,KASHIPUR,TOMATO,"1,400","1,700","2,200",10-09-2025
HARYANA,HANSI,MOUSAMBI,"3,000","3,000","4,000",10-09-2025
ODISHA,BAHADAJHOLA,BRINJAL,"3,850","3,850","4,000",10-09-2025
RAJASTHAN,BIKANER F AND V,LEMON,"3,980","3,990","4,000",10-09-2025
RAJASTHAN,SRIGANGANAGAR F AND V,CABBAGE,"1,700","1,700","1,700",10-09-2025
TELANGANA,JANGAON,MAIZE LOCAL,"1,911","2,051","2,051",10-09-2025
MADHYA PRADESH,JABALPUR,MUSTARD,"5,805","6,305","6,785",10-09-2025
RAJASTHAN,FATEHNAGAR,MUSTARD,"6,615","6,841","6,841",10-09-2025
RAJASTHAN,SIKAR,POMEGRANATE,"4,600","4,600","6,000",10-09-2025
UTTARAKHAND,RAMNAGAR,POTATO,800,800,800,10-09-2025
HARYANA,LADWA,PADDY-BASMATI,"2,050","3,100","3,100",10-09-2025
MAHARASHTRA,MALKAPUR,SOYABEANS,"3,695","4,445","6,500",10-09-2025
MAHARASHTRA,MANORA,SOYABEANS,"1,599","4,340","4,490",10-09-2025
ODISHA,BALUGAON,RAW BANANA,"1,900","1,900","1,900",10-09-2025
ODISHA,PARALAKHEMUNDI,CABBAGE,"1,500","1,500","1,500",10-09-2025
RAJASTHAN,BHAWANI MANDI,MUSTARD,"6,350","6,500","6,500",10-09-2025
RAJASTHAN,ITAWA,PADDY 1001,"2,600","2,650","2,660",10-09-2025
RAJASTHAN,SRI GANGANAGAR GRAIN,MOONG WHOLE (GREEN GRAM),"5,911","6,701","6,755",10-09-2025
RAJASTHAN,UDAIPUR F AND V,BRINJAL,"1,500","3,000","4,000",10-09-2025
TAMIL NADU,SANKARAPURAM,PADDY(75 KG),"1,346","1,775","2,027",10-09-2025
TAMIL NADU,ULUNDURPETTAI,BAJRA,"2,159","2,879","2,879",10-09-2025
TELANGANA,KESAMUDRAM,PADDY JAI SRI RAM,"3,095","3,095","3,095",10-09-2025
UTTAR PRADESH,KASGANJ,WHEAT,"2,500","2,510","2,510",10-09-2025
UTTAR PRADESH,SHAHJAHANPUR,WHEAT,"2,450","2,450","2,450",10-09-2025
GUJARAT,SANAND,PADDY 6444,"1,650","1,945","1,945",10-09-2025
HARYANA,THANESAR,CABBAGE,"1,500","1,500","2,000",10-09-2025
MADHYA PRADESH,BINA,SOYA-YELLOW,"4,240","4,385","4,490",10-09-2025
MAHARASHTRA,WARDHA,ARHAR WHOLE / TUR (RED GRAM),"5,890","5,890","6,170",10-09-2025
TAMIL NADU,THIRUMANGALAM,RICE,"5,900","8,000","21,000",10-09-2025
TAMIL NADU,VIRUDHACHALAM,GROUNDNUT KERNEL_80 KG(TN),"8,363","8,987","10,337",10-09-2025
HARYANA,FARIDABAD,GUAVA,"2,000","2,000","2,500",10-09-2025
HARYANA,GURGAON,BITTER GOURD,"1,655","1,655","1,899",10-09-2025
HARYANA,SIRSA,TOMATO,"2,500","2,500","2,700",10-09-2025
MAHARASHTRA,BEED,JOWAR,"1,955","1,955","2,780",10-09-2025
MAHARASHTRA,NER PARASOPANT,SOYABEANS,"2,000","4,395","4,395",10-09-2025
PUDUCHERRY,THATTANCHAVADY,CUMBU-HYBRID,"2,269","2,489","2,489",10-09-2025
RAJASTHAN,PILIBANGA,WHEAT,"2,511","2,571","2,611",10-09-2025
TAMIL NADU,ANNUR,COCONUT DEHUSKED IN QUINTAL,"6,339","7,250","7,250",10-09-2025
TAMIL NADU,THIYAGADURGAM,MAIZE-NEW,"2,179","2,229","2,229",10-09-2025
CHHATTISGARH,KAWARADHA,WHEAT,"2,478","2,502","2,502",10-09-2025
GUJARAT,THARA,CASTOR SEED,"6,400","6,400","6,440",10-09-2025
MAHARASHTRA,AHILYANAGAR,CHANA (BENGAL GRAM),"5,580","5,600","5,720",10-09-2025
MAHARASHTRA,AMRAVATI,JOWAR,"1,800","1,800","2,000",10-09-2025
RAJASTHAN,ALWAR,CHANA (BENGAL GRAM),"5,150","5,725","5,725",10-09-2025
RAJASTHAN,HANUMANGARH,MUSTARD,"6,436","6,618","6,618",10-09-2025
RAJASTHAN,SIKAR,RADDISH,"1,000","1,400","1,800",10-09-2025
TAMIL NADU,SULUR,MINT LEAVES,200,200,200,10-09-2025
GUJARAT,SANAND,WHEAT,"1,800","2,695","2,850",10-09-2025
MAHARASHTRA,JALGAON,JOWAR-WHITE,"2,600","2,600","2,850",10-09-2025
ODISHA,PARALAKHEMUNDI,BRINJAL,"1,500","1,500","1,500",10-09-2025
RAJASTHAN,BHINMAL,LEMON,"3,700","3,800","4,000",10-09-2025
TELANGANA,NIZAMABAD,MAIZE HYBRID,"1,051","1,926","1,926",10-09-2025
TELANGANA,TANDUR,ARHAR WHOLE / TUR (RED GRAM),"6,111","6,390","6,390",10-09-2025
UTTAR PRADESH,NOIDA APMC,CAPSICUM,"6,250","6,450","6,510",10-09-2025
UTTARAKHAND,DEHRADUN,CARROT,"1,300","1,300","1,300",10-09-2025
CHHATTISGARH,BHATAPARA,WHEAT,"2,452","2,452","2,581",10-09-2025
GUJARAT,DEHGAM,BAJRA,"2,565","2,590","2,590",10-09-2025
HARYANA,GURGAON,GUAVA,"3,000","3,000","3,000",10-09-2025
HARYANA,PANIPAT,BRINJAL,600,750,800,10-09-2025
HARYANA,THANESAR,RADDISH,"1,000","1,500","1,500",10-09-2025
HIMACHAL PRADESH,KANGRA JASSOUR,BITTER GOURD,"2,000","2,000","2,000",10-09-2025
MADHYA PRADESH,GADARWARA,TUR/ARHAR,"6,001","6,001","6,355",10-09-2025
MADHYA PRADESH,KRISHI UPAJ MANDI SAMITI-BADWAHA,WHEAT,"2,632","2,632","2,632",10-09-2025
ODISHA,GUNUPUR,TOMATO,"5,000","5,000","5,000",10-09-2025
ODISHA,RAYAGADA,RIDGE GOURD (TURAI),"2,700","2,700","2,700",10-09-2025
RAJASTHAN,CHOMU F AND V,ONION,"1,310","1,370","1,375",10-09-2025
RAJASTHAN,KISHANGARH RENWAL,MUSTARD SEED,"6,700","6,750","6,750",10-09-2025
RAJASTHAN,NAGOUR,GUAR SEEDS,"4,700","4,790","4,790",10-09-2025
TAMIL NADU,KILPENNATHUR,PADDY(75 KG),"1,402","1,823","1,956",10-09-2025
TAMIL NADU,PALANI,PUMPKIN,200,200,200,10-09-2025
TAMIL NADU,VIKIRAVANDI,GROUNDNUT PODS_40 KG(TN),"4,298","7,688","7,788",10-09-2025
TAMIL NADU,VIRUDHUNAGAR,MAIZE,"2,000","2,000","2,000",10-09-2025
UTTAR PRADESH,BISWAN,POTATO,800,801,801,10-09-2025
UTTAR PRADESH,POWAYAN,POTATO,800,800,800,10-09-2025
UTTAR PRADESH,SAHIYAPUR,LADY FINGER,"1,655","1,655","1,655",10-09-2025
UTTARAKHAND,HARIDWAR,APPLE,"3,040","3,040","3,040",10-09-2025
MADHYA PRADESH,MANAWAR,WHEAT,"2,725","2,725","2,725",10-09-2025
MAHARASHTRA,MALKAPUR,WHEAT,"2,500","2,655","2,800",10-09-2025
ODISHA,BALUGAON,CABBAGE,"2,400","2,400","2,400",10-09-2025
ODISHA,HINJILICUT,PAPAYA,"1,200","1,250","1,250",10-09-2025
RAJASTHAN,RIDMALSAR,MUSTARD SEED,"6,500","6,683","6,683",10-09-2025
RAJASTHAN,SIKAR,BITTER GOURD,"2,200","2,200","3,100",10-09-2025
UTTAR PRADESH,PRAYAGRAJ,GREEN CHILLI,"1,408","1,450","1,450",10-09-2025
UTTARAKHAND,KASHIPUR,CHILLIES,"1,400","2,200","2,200",10-09-2025
UTTARAKHAND,MANGLOUR,GUAVA,"1,505","1,507","1,508",10-09-2025
ANDHRA PRADESH,GUNTUR,CHILLI-TALU A/C,"4,000","6,000","9,000",10-09-2025
HARYANA,PANIPAT,BOTTLE GOURD,500,750,850,10-09-2025
ODISHA,BARIPADA,RAW BANANA,"3,000","3,000","3,000",10-09-2025
ODISHA,PARALAKHEMUNDI,FRENCH BEAN,"4,000","4,000","4,000",10-09-2025
RAJASTHAN,DEI,CHANA (BENGAL GRAM),"5,661","5,681","5,800",10-09-2025
RAJASTHAN,JODHPUR F AND V,CAPSICUM,"5,000","5,000","7,000",10-09-2025
RAJASTHAN,KHAJUWALA,GUAR SEEDS,"4,650","4,650","4,833",10-09-2025
RAJASTHAN,NIMBAHERA,CHANA (BENGAL GRAM),"5,470","5,571","5,571",10-09-2025
TAMIL NADU,THODUVATTI,BANANA STEM,125,125,125,10-09-2025
UTTAR PRADESH,PILIBHIT,TOMATO,"1,600","1,610","1,610",10-09-2025
UTTAR PRADESH,RAMPUR,TOMATO,"1,490","1,670","2,155",10-09-2025
UTTAR PRADESH,SAHARANPUR,CUCUMBER,"2,000","2,500","2,500",10-09-2025
ODISHA,BALUGAON,LESSER YAM,"2,200","2,200","2,200",10-09-2025
RAJASTHAN,CHOMU F AND V,BRINJAL,"2,310","2,310","2,340",10-09-2025
RAJASTHAN,SRI MADHOPUR,MUSTARD,"3,615","5,458","5,458",10-09-2025
RAJASTHAN,SRIGANGANAGAR F AND V,LADY FINGER,"2,700","2,700","2,700",10-09-2025
RAJASTHAN,SRIGANGANAGAR F AND V,BRINJAL,"1,700","1,700","1,700",10-09-2025
HARYANA,FARIDABAD,CUCUMBER,"1,800","1,800","1,800",10-09-2025
HARYANA,THANESAR,CUCUMBER,"1,000","1,000","2,000",10-09-2025
HARYANA,THANESAR,PUMPKIN,800,800,"1,000",10-09-2025
MAHARASHTRA,AHILYANAGAR,WHEAT,"2,575","2,590","2,725",10-09-2025
ODISHA,GUNUPUR,GARLIC,"9,000","9,000","9,000",10-09-2025
ODISHA,KEONJHAR,PUMPKIN,"1,700","1,700","1,700",10-09-2025
ODISHA,TIKABALI,CAULIFLOWER,"3,500","3,500","3,500",10-09-2025
RAJASTHAN,JODHPUR F AND V,BRINJAL,"1,800","2,000","2,300",10-09-2025
RAJASTHAN,NAGOUR,MUSTARD,"6,200","6,576","6,576",10-09-2025
UTTARAKHAND,KASHIPUR,RADDISH,"1,200","1,200","1,300",10-09-2025
CHHATTISGARH,BALOD,PADDY-SWARNAMASOORI,"1,876","1,906","1,923",10-09-2025
CHHATTISGARH,RAJIM,PADDY-MAHAMAYA,"1,618","1,814","1,814",10-09-2025
GUJARAT,HIMMATNAGAR,WHEAT,"2,790","2,790","2,790",10-09-2025
HARYANA,TAURU APMC,ONION,"1,800","1,800","1,800",10-09-2025
MAHARASHTRA,JALGAON,URAD (BLACK GRAM),"6,100","6,100","6,500",10-09-2025
MAHARASHTRA,RISOD,TUR/ARHAR,"6,065","6,065","6,255",10-09-2025
MAHARASHTRA,UDGIR,CHANA (BENGAL GRAM)-DESI,"5,640","5,640","5,640",10-09-2025
ODISHA,BETNOTI,BOTTLE GOURDE,"1,700","1,700","1,700",10-09-2025
ODISHA,BETNOTI,ARBI (COLACASIA),"1,700","1,800","1,800",10-09-2025
ODISHA,BETNOTI,LADY FINGER,"2,500","2,500","2,600",10-09-2025
ODISHA,TIKABALI,BEANS -CLUSTER,"5,800","5,800","6,000",10-09-2025
PUNJAB,SANGRUR,PADDY-BASMATI1121,"2,930","2,930","2,930",10-09-2025
RAJASTHAN,BANDIKUI,CHANA (BENGAL GRAM)-DESI,"4,800","5,520","5,625",10-09-2025
RAJASTHAN,SRIGANGANAGAR F AND V,LEMON,"3,500","3,500","3,500",10-09-2025
UTTAR PRADESH,DEORIA,TOMATO,"2,750","2,750","2,750",10-09-2025
UTTAR PRADESH,JALALABAD APMC,WHEAT,"2,550","2,550","2,600",10-09-2025
UTTAR PRADESH,PRATAPGARH,POTATO,"1,000","1,000","1,000",10-09-2025
ANDHRA PRADESH,GUNTUR,CHILLI-341 A/C,"12,000","15,700","15,700",10-09-2025
HARYANA,SIRSA,MOUSAMBI,"3,000","3,500","3,500",10-09-2025
ODISHA,BETNOTI,POINTED GOURD (PARWAL),"2,700","2,700","2,700",10-09-2025
ODISHA,BETNOTI,BITTER GOURD,"3,200","3,200","3,200",10-09-2025
ODISHA,BETNOTI,BRINJAL,"2,800","2,800","2,800",10-09-2025
ODISHA,BETNOTI,CUCUMBER,"2,300","2,300","2,300",10-09-2025
ODISHA,PARALAKHEMUNDI,BEANS -CLUSTER,"2,000","2,000","2,000",10-09-2025
ODISHA,TIKABALI,CABBAGE,"2,600","2,600","2,600",10-09-2025
RAJASTHAN,AJMER F AND V,GARLIC,"7,200","7,202","7,202",10-09-2025
RAJASTHAN,MAHUWA MANDAWAR,MUSTARD,"6,693","6,693","6,693",10-09-2025
RAJASTHAN,NIMBAHERA,FENUGREEK (WHOLE),"4,000","4,000","5,661",10-09-2025
RAJASTHAN,PADAMPUR,GUAR SEEDS,"4,501","4,522","4,522",10-09-2025
TELANGANA,KESAMUDRAM,MAIZE,"1,900","1,900","1,900",10-09-2025
UTTAR PRADESH,JANGIPURA,RICE,"3,380","3,390","3,390",10-09-2025
UTTAR PRADESH,NOIDA APMC,BITTER GOURD,"2,510","3,110","3,110",10-09-2025
WEST BENGAL,KARIMPUR SUBMARKET YARD,BRINJAL,"4,030","4,030","4,030",10-09-2025
HARYANA,SIRSA,ONION,"1,600","1,700","1,700",10-09-2025
HARYANA,THANESAR,GREEN CHILLI,"1,500","2,000","2,000",10-09-2025
RAJASTHAN,AJMER F AND V,CAULIFLOWER,"1,800","1,828","1,830",10-09-2025
RAJASTHAN,AJMER F AND V,CORIANDER,"3,100","3,148","3,155",10-09-2025
RAJASTHAN,DEI,SOYABEANS,"3,801","3,801","4,444",10-09-2025
RAJASTHAN,UDAIPUR F AND V,GINGER,"2,000","4,000","4,000",10-09-2025
CHHATTISGARH,KAWARADHA,CHANA GRAM,"4,500","5,602","5,602",10-09-2025
MAHARASHTRA,MALKAPUR,CHANA (BENGAL GRAM)-DESI,"5,150","5,355","7,171",10-09-2025
ODISHA,RAHAMA,LADY FINGER,"3,000","3,000","3,000",10-09-2025
RAJASTHAN,AJMER F AND V,CABBAGE,"1,400","1,412","1,418",10-09-2025
RAJASTHAN,BARMER,BRINJAL,"2,825","2,825","2,825",10-09-2025
RAJASTHAN,JAIPUR F AND V MUHANA,BITTER GOURD,"3,000","3,000","3,000",10-09-2025
RAJASTHAN,NIMBAHERA,MAIZE,"1,901","1,901","2,170",10-09-2025
RAJASTHAN,SRIGANGANAGAR F AND V,GARLIC,"7,500","7,500","7,500",10-09-2025
RAJASTHAN,SRIGANGANAGAR F AND V,GREEN CHILLI,"2,900","2,900","2,900",10-09-2025
UTTAR PRADESH,PURANPUR,ONION,"1,405","1,405","1,405",10-09-2025
HARYANA,ELLANABAD,TOMATO,"1,800","2,000","2,500",10-09-2025
HARYANA,FARIDABAD,POMEGRANATE,"5,000","5,000","5,000",10-09-2025
HIMACHAL PRADESH,FRUIT MANDI SOLAN,APPLE,"10,000","10,000","10,000",10-09-2025
ODISHA,BARIPADA,TOMATO,"4,000","4,000","4,000",10-09-2025
RAJASTHAN,BHAGAT KI KOTHI,MUSTARD,"6,250","6,250","6,250",10-09-2025
RAJASTHAN,ITAWA,URAD (BLACK GRAM),"3,450","3,450","5,500",10-09-2025
RAJASTHAN,KHAIRTHAL,GUAR SEEDS,"4,250","4,250","4,250",10-09-2025
RAJASTHAN,SRIGANGANAGAR F AND V,PUMPKIN,"1,400","1,400","1,400",10-09-2025
TAMIL NADU,THONDAMUTHUR,BRINJAL-HYBRID,200,200,200,10-09-2025
UTTAR PRADESH,MAURANIPUR,WHEAT,"2,508","2,508","2,508",10-09-2025
CHHATTISGARH,AMBIKAPUR,WHEAT,"2,428","2,428","2,428",10-09-2025
HARYANA,ELLANABAD,AMERICAN-COTTON,"6,125","6,400","6,851",10-09-2025
HARYANA,GURGAON,BRINJAL-HYBRID,"1,600","1,600","1,855",10-09-2025
HARYANA,PUNDRI,POTATO SWEET,"1,000","1,000","1,100",10-09-2025
HIMACHAL PRADESH,TAKOLI,APPLE,"5,000","5,000","5,000",10-09-2025
JHARKHAND,GRIDIH,PADDY 1001,"2,051","2,051","2,051",10-09-2025
MADHYA PRADESH,KRISHI UPAJ MANDI SAMITI-BADWAHA,MAIZE,"1,565","1,565","1,565",10-09-2025
MADHYA PRADESH,MANAWAR,MAIZE,"2,250","2,250","2,250",10-09-2025
ODISHA,BARIPADA,POTATO,"1,400","1,400","1,400",10-09-2025
ODISHA,GUNUPUR,ONION RED,"2,500","2,500","2,500",10-09-2025
ODISHA,PARALAKHEMUNDI,TOMATO,"3,000","3,000","3,000",10-09-2025
RAJASTHAN,BIKANER GRAIN,MOTH,"5,091","5,270","5,270",10-09-2025
RAJASTHAN,GAJSINGHPUR,BARLEY (JAU),"2,116","2,116","2,116",10-09-2025
RAJASTHAN,JAIPUR F AND V MUHANA,MINT LEAVES,"1,000","1,000","1,000",10-09-2025
RAJASTHAN,PADAMPUR,MUSTARD,"6,334","6,334","6,593",10-09-2025
RAJASTHAN,UDAIPUR F AND V,PUMPKIN,900,"1,000","1,000",10-09-2025
TAMIL NADU,AVALURPET,GROUNDNUT KERNEL_80 KG(TN),"8,287","9,987","11,274",10-09-2025
TAMIL NADU,THIRUKOVILUR,GINGELLY_80 KG(TN),"3,612","12,074","12,074",10-09-2025
TAMIL NADU,VETTAVALAM,PADDY(75 KG),"1,816","1,962","1,962",10-09-2025
TELANGANA,NAGARKURNOOL,MAIZE,"2,279","2,279","2,279",10-09-2025
UTTAR PRADESH,DEORIA,BITTER GOURD,"2,450","2,450","2,450",10-09-2025
UTTAR PRADESH,HATHRAS,BAJRA,"2,020","2,020","2,020",10-09-2025
UTTARAKHAND,KICHHA,BOTTLE GOURD,"1,070","1,300","1,300",10-09-2025
ANDHRA PRADESH,KURNOOL,FOX TAIL MILLET,"2,210","2,259","2,259",10-09-2025
MAHARASHTRA,AHILYANAGAR,MOONG WHOLE (GREEN GRAM),"7,530","7,830","8,385",10-09-2025
RAJASTHAN,CHAKSU,CHANA (BENGAL GRAM),"5,500","5,577","5,577",10-09-2025
RAJASTHAN,GAJSINGHPUR,MOONG WHOLE (GREEN GRAM),"5,801","5,801","6,626",10-09-2025
RAJASTHAN,UDAIPUR F AND V,TINDA,"1,000","2,000","3,000",10-09-2025
TAMIL NADU,MANALURPET,MAIZE,"2,269","2,269","2,289",10-09-2025
TAMIL NADU,SETHIATHOPE,COTTON,"3,039","6,899","8,009",10-09-2025
TELANGANA,WARANGAL,GREEN GRAM,"2,302","3,512","6,507",10-09-2025
GUJARAT,JHALOD,MAIZE WHITE,"2,600","2,600","2,600",10-09-2025
ODISHA,BAHADAJHOLA,TOMATO,"2,800","2,800","2,800",10-09-2025
RAJASTHAN,CHOMU F AND V,CABBAGE,"1,650","1,650","1,830",10-09-2025
RAJASTHAN,CHOMU F AND V,PUMPKIN,810,815,825,10-09-2025
RAJASTHAN,JAITSAR,WHEAT,"2,686","2,686","2,686",10-09-2025
RAJASTHAN,KOTPUTLI,BAJRA,"1,900","1,900","2,100",10-09-2025
RAJASTHAN,NIMBAHERA,BARLEY (JAU),"2,380","2,386","2,456",10-09-2025
RAJASTHAN,OSIAN MATHANIA,MUSTARD,"6,200","6,300","6,500",10-09-2025
RAJASTHAN,SANGARIYA,GUAR SEEDS,"3,800","4,461","4,461",10-09-2025
RAJASTHAN,SIKAR,SPRING ONION,"2,000","2,500","3,000",10-09-2025
TAMIL NADU,ALANGUDI,PADDY ADT-37,"2,083","2,083","2,083",10-09-2025
TAMIL NADU,KADAYANALLUR,LEMON,"8,000","8,000","8,000",10-09-2025
UTTAR PRADESH,DEORIA,BOTTLE GOURD,"1,550","1,550","1,550",10-09-2025
UTTAR PRADESH,GHAZIABAD,LADY FINGER,"1,600","1,600","1,650",10-09-2025
UTTARAKHAND,RISHIKESH,TOMATO,"2,125","2,125","2,125",10-09-2025
GUJARAT,JHALOD,WHEAT,"2,700","2,700","2,700",10-09-2025
GUJARAT,VISAVADAR,SESAME SEED,"8,040","8,430","8,720",10-09-2025
ODISHA,BARIPADA,BRINJAL,"3,000","3,000","3,000",10-09-2025
ODISHA,GUNUPUR,BOTTLE GOURD,"3,900","3,900","3,900",10-09-2025
ODISHA,GUNUPUR,CUCUMBER,"3,900","3,900","3,900",10-09-2025
ODISHA,GUNUPUR,FRENCH BEAN,"4,200","4,200","4,200",10-09-2025
ODISHA,GUNUPUR,LADY FINGER,"4,200","4,200","4,200",10-09-2025
ODISHA,GUNUPUR,BEETROOT,"4,500","4,500","4,500",10-09-2025
ODISHA,GUNUPUR,BRINJAL,"4,200","4,200","4,200",10-09-2025
ODISHA,GUNUPUR,GREEN CHILLI,"4,600","4,600","4,600",10-09-2025
ODISHA,GUNUPUR,PEAS GREEN,"4,500","4,500","4,500",10-09-2025
ODISHA,GUNUPUR,GINGER,"8,000","8,000","8,000",10-09-2025
ODISHA,HINJILICUT,RAW BANANA,"3,100","3,200","3,200",10-09-2025
ODISHA,KUCHINDA,PUMPKIN,900,900,900,10-09-2025
RAJASTHAN,AJMER F AND V,BEANS -CLUSTER,"3,000","3,022","3,024",10-09-2025
RAJASTHAN,PRATAPGARH RJ,MAIZE,"2,090","2,221","2,470",10-09-2025
RAJASTHAN,UDAIPUR F AND V,CAULIFLOWER,"2,000","3,000","4,000",10-09-2025
UTTAR PRADESH,BALRAMPUR APMC,BRINJAL,"1,200","1,200","1,200",10-09-2025
ANDHRA PRADESH,GUNTUR,CHILLI-5 A/C,"8,000","8,500","8,500",10-09-2025
CHHATTISGARH,RAJNANDGAON,WHEAT,"2,470","2,621","2,641",10-09-2025
HARYANA,ELLANABAD,ONION,"1,200","1,600","1,600",10-09-2025
HARYANA,FARIDABAD,BOTTLE GOURD,"1,200","1,200","1,200",10-09-2025
HARYANA,PUNDRI,BANANA AMRUTHAPANI,"2,200","2,500","2,500",10-09-2025
ODISHA,GUNUPUR,BEANS -CLUSTER,"4,600","4,600","4,600",10-09-2025
RAJASTHAN,PHALODI,CUMMIN,"18,210","18,210","18,230",10-09-2025
RAJASTHAN,TONK,CHANA (BENGAL GRAM),"5,300","5,570","5,570",10-09-2025
UTTAR PRADESH,BAREILLY,COLOCASIA VEGETABLE,"1,250","1,250","1,250",10-09-2025
UTTAR PRADESH,DEORIA,GREEN CHILLI,"4,050","4,050","4,050",10-09-2025
UTTARAKHAND,DEHRADUN,CAPSICUM,"1,300","1,300","1,300",10-09-2025
ANDHRA PRADESH,KURNOOL,SUN FLOWER SEEDS,"5,689","6,060","6,060",10-09-2025
HARYANA,CH DADRI,ONION,"1,600","1,800","1,800",10-09-2025
HARYANA,FEROZPUR JHIRKA APMC,POTATO,"3,200","3,200","3,200",10-09-2025
HARYANA,PUNDRI,TOMATO,"2,000","2,600","3,000",10-09-2025
HIMACHAL PRADESH,UNA,APPLE-RED ROYAL LARGE,"6,000","7,000","7,000",10-09-2025
ODISHA,BAHADAJHOLA,PUMPKIN,"3,000","3,000","3,000",10-09-2025
ODISHA,BIRAMAHARAJPUR,BRINJAL,"2,400","2,400","2,400",10-09-2025
ODISHA,KUCHINDA,BANANA,"2,000","2,000","2,000",10-09-2025
ODISHA,UDALA,POINTED GOURD (PARWAL),"3,000","3,000","3,000",10-09-2025
RAJASTHAN,AJMER F AND V,ARBI (COLACASIA),"1,900","1,904","1,904",10-09-2025
RAJASTHAN,AJMER F AND V,CUCUMBER,"1,700","2,500","2,512",10-09-2025
TAMIL NADU,MANALURPET,PADDY RNR (TN),"1,760","1,938","1,938",10-09-2025
UTTARAKHAND,KICHHA,BANANA,"1,600","1,600","1,600",10-09-2025
WEST BENGAL,SHEORAPHULI,PUMPKIN,"2,000","2,000","2,000",10-09-2025
HARYANA,THANESAR,BOTTLE GOURD,"1,000","1,000","2,000",10-09-2025
MAHARASHTRA,MALKAPUR,JOWAR,"1,700","2,000","2,000",10-09-2025
ODISHA,BARIPADA,BOTTLE GOURDE,"3,000","3,000","3,000",10-09-2025
ODISHA,GUNUPUR,CABBAGE,"3,600","3,600","3,600",10-09-2025
ODISHA,GUNUPUR,CAULIFLOWER,"4,200","4,200","4,200",10-09-2025
ODISHA,GUNUPUR,RIDGE GOURD (TURAI),"3,500","3,500","3,500",10-09-2025
ODISHA,GUNUPUR,BITTER GOURD,"3,600","3,600","3,600",10-09-2025
ODISHA,GUNUPUR,CARROT,"4,300","4,300","4,300",10-09-2025
ODISHA,GUNUPUR,DRUMSTICK,"3,600","3,600","3,600",10-09-2025
ODISHA,GUNUPUR,SWEET CORN,"3,600","3,600","3,600",10-09-2025
UTTARAKHAND,RAMNAGAR,TOMATO,"2,200","2,200","2,200",10-09-2025
CHHATTISGARH,RAJNANDGAON,LAKH/TEORA,"3,145","3,260","3,260",10-09-2025
HARYANA,DABWALI,APPLE,"1,600","5,000","6,500",10-09-2025
HIMACHAL PRADESH,SANTOSHGARH,ONION,"2,000","2,000","2,000",10-09-2025
ODISHA,BIRAMAHARAJPUR,TOMATO,"3,000","3,000","3,000",10-09-2025
RAJASTHAN,BARAN,URAD (BLACK GRAM),"4,401","5,270","5,270",10-09-2025
RAJASTHAN,BARMER,LEMON,"2,830","2,830","2,830",10-09-2025
RAJASTHAN,BIKANER F AND V,POMEGRANATE,"6,960","6,980","7,000",10-09-2025
RAJASTHAN,CHOMU F AND V,LEMON,"3,510","3,520","3,535",10-09-2025
RAJASTHAN,CHOMU F AND V,TINDA,"3,510","3,520","3,520",10-09-2025
RAJASTHAN,JALORE,GREEN CHILLI,"1,500","1,500","2,500",10-09-2025
RAJASTHAN,MALPURA,BAJRA,"2,150","2,200","2,200",10-09-2025
RAJASTHAN,SRIGANGANAGAR F AND V,ARBI (COLACASIA),"2,100","2,100","2,100",10-09-2025
RAJASTHAN,SRIKARANPUR,MOONG WHOLE (GREEN GRAM),"6,350","6,650","6,650",10-09-2025
TAMIL NADU,BOOTHAPADI,PADDY,"1,924","2,247","3,010",10-09-2025
UTTAR PRADESH,AYODHYA,BANANA,"1,890","1,900","1,980",10-09-2025
WEST BENGAL,SILIGURI REGULATED MARKET COMM,POTATO,"1,220","1,220","1,220",10-09-2025
GUJARAT,JHALOD,CHANA (BENGAL GRAM)-DESI,"6,500","6,500","6,500",10-09-2025
HARYANA,CH DADRI,TOMATO,"2,500","2,500","2,500",10-09-2025
HARYANA,SIRSA,ARBI (COLACASIA),"2,000","2,000","3,000",10-09-2025
HARYANA,THANESAR,BRINJAL,"2,000","2,500","2,500",10-09-2025
JAMMU AND KASHMIR,KANISPORA,PEAR,"4,000","4,000","4,000",10-09-2025
MADHYA PRADESH,HARDA,MAIZE,"2,040","2,040","2,040",10-09-2025
MADHYA PRADESH,JAORA,CHANA (BENGAL GRAM)-DESI,"5,071","5,071","5,642",10-09-2025
MAHARASHTRA,ANJANGAON SURJI,JOWAR,"1,452","1,562","1,963",10-09-2025
ODISHA,BALUGAON,PAPAYA,"1,500","1,500","1,500",10-09-2025
ODISHA,BARIPADA,BHINDI (LADIES FINGER),"4,500","4,500","4,500",10-09-2025
ODISHA,BARIPADA,PAPAYA,"2,000","2,000","2,000",10-09-2025
ODISHA,BARIPADA,POINTED GOURD (PARWAL),"4,000","4,000","4,000",10-09-2025
ODISHA,GUNUPUR,POINTED GOURD (PARWAL),"3,400","3,400","3,400",10-09-2025
ODISHA,GUNUPUR,PUMPKIN,"3,400","3,400","3,400",10-09-2025
ODISHA,GUNUPUR,BANANA,"4,000","4,000","4,000",10-09-2025
ODISHA,SARGIPALI,PUMPKIN,800,800,800,10-09-2025
ODISHA,UDALA,BITTER GOURD,"2,500","2,500","2,500",10-09-2025
RAJASTHAN,AJMER F AND V,ORANGE,"4,500","4,504","4,504",10-09-2025
RAJASTHAN,BHINMAL,CABBAGE,700,700,750,10-09-2025
RAJASTHAN,HANUMANGARH TOWN,WHEAT,"2,580","2,631","2,631",10-09-2025
RAJASTHAN,SRIGANGANAGAR F AND V,GINGER,"4,000","4,000","4,000",10-09-2025
TAMIL NADU,MUDHUKALATHUR,MILLET,"1,250","1,250","1,250",10-09-2025
TAMIL NADU,TINDIVANAM,URAD (BLACK GRAM),"4,200","6,300","6,466",10-09-2025
TAMIL NADU,VIKIRAVANDI,URAD (BLACK GRAM),"3,109","7,186","7,186",10-09-2025
UTTAR PRADESH,RAMPUR,GREEN CHILLI,"2,230","2,230","2,310",10-09-2025
UTTAR PRADESH,SHAHJAHANPUR,TOMATO,"3,000","3,000","3,000",10-09-2025
ANDHRA PRADESH,HINDUPUR,TAMARIND KARPULI,"16,200","16,200","17,000",10-09-2025
MAHARASHTRA,CHANDUR BAZAR,CHANA GRAM,"5,420","5,420","5,600",10-09-2025
ODISHA,BARIPADA,BITTER GOURD,"4,400","4,400","4,400",10-09-2025
ODISHA,BHANJANAGAR,CUCUMBER,"1,800","1,800","1,800",10-09-2025
ODISHA,GUNUPUR,POTATO SWEET,"3,600","3,600","3,600",10-09-2025
RAJASTHAN,AABU ROAD,BANANA,"2,000","2,000","2,000",10-09-2025
RAJASTHAN,GAJSINGHPUR,MUSTARD,"6,440","6,690","6,690",10-09-2025
UTTAR PRADESH,BADAUN,GREEN CHILLI,"5,000","5,000","5,000",10-09-2025
UTTARAKHAND,ROORKEE,BRINJAL,"1,000","1,000","1,000",10-09-2025
ANDHRA PRADESH,GUNTUR,CHILLI-273,"12,500","13,000","14,000",10-09-2025
HARYANA,BARWALA HISAR,TOMATO,"2,500","2,500","2,500",10-09-2025
HARYANA,PANIPAT,CAPSICUM,600,900,900,10-09-2025
MADHYA PRADESH,RATLAM,DRY PEAS,"2,000","4,150","7,250",10-09-2025
ODISHA,BALUGAON,RIDGE GOURD (TURAI),"2,300","2,300","2,300",10-09-2025
ODISHA,NILGIRI,TOMATO,"2,000","2,000","2,000",10-09-2025
ODISHA,SARGIPALI,POTATO,"1,500","1,500","1,500",10-09-2025
RAJASTHAN,BHAWANI MANDI,CHANA (BENGAL GRAM),"5,043","5,100","5,320",10-09-2025
RAJASTHAN,BIJAY NAGAR,BANANA,"2,600","2,600","2,600",10-09-2025
RAJASTHAN,HANUMANGARH,GUAR SEEDS,"4,400","4,800","4,800",10-09-2025
RAJASTHAN,JALORE,POTATO,"1,600","1,600","1,600",10-09-2025
RAJASTHAN,KISHANGARH RENWAL,BAJRA,"2,200","2,200","2,200",10-09-2025
RAJASTHAN,SRIGANGANAGAR F AND V,TINDA,"3,500","3,500","3,500",10-09-2025
TAMIL NADU,KULASEKHARAM,JACK FRUIT,500,500,500,10-09-2025
UTTAR PRADESH,NAANPARA,RAW BANANA,600,600,600,10-09-2025
UTTAR PRADESH,PURANPUR,BRINJAL,"1,720","1,730","1,730",10-09-2025
UTTAR PRADESH,SAHIYAPUR,PUMPKIN,"1,115","1,150","1,150",10-09-2025
UTTARAKHAND,MANGLOUR,PAPAYA,"1,455","1,455","1,455",10-09-2025
UTTARAKHAND,SITARGANJ,ONION,"1,200","1,200","1,200",10-09-2025
GUJARAT,WANKANER APMC,CUMMIN,"17,211","17,254","17,298",10-09-2025
HARYANA,BARWALA HISAR,CUCUMBER,"1,500","1,500","2,500",10-09-2025
HARYANA,HANSI,CUCUMBER,"2,000","3,500","4,000",10-09-2025
HARYANA,NARAINGARH APMC,TOMATO,"1,200","1,800","2,500",10-09-2025
ODISHA,BALUGAON,LADY FINGER,"2,600","2,600","2,600",10-09-2025
ODISHA,BHANJANAGAR,CARROT,"3,800","3,800","3,800",10-09-2025
ODISHA,BIRAMAHARAJPUR,POINTED GOURD (PARWAL),"3,000","3,000","3,000",10-09-2025
ODISHA,UDALA,RIDGE GOURD (TURAI),"2,800","2,800","2,800",10-09-2025
RAJASTHAN,ANOOPGARH,MOONG WHOLE (GREEN GRAM),"5,501","6,705","7,400",10-09-2025
RAJASTHAN,BIKANER F AND V,CABBAGE,"1,780","1,800","1,800",10-09-2025
RAJASTHAN,GOLUWALA,BARLEY (JAU),"2,050","2,100","2,100",10-09-2025
TAMIL NADU,PANRUTI,MAIZE,"1,939","1,939","1,939",10-09-2025
TAMIL NADU,VIRUDHACHALAM,KODO MILLET,"1,909","2,082","2,082",10-09-2025
TELANGANA,SURYAPETA,PADDY-IR.64,"1,819","1,829","1,829",10-09-2025
UTTAR PRADESH,BALRAMPUR APMC,BOTTLE GOURD,905,905,905,10-09-2025
UTTAR PRADESH,BALRAMPUR APMC,PUMPKIN,905,905,905,10-09-2025
UTTAR PRADESH,BARABANKI,BOTTLE GOURD,"1,550","1,550","1,555",10-09-2025
WEST BENGAL,KARIMPUR SUBMARKET YARD,GREEN CHILLI,"4,540","4,540","4,540",10-09-2025
HARYANA,BARWALA PANCHKULA APMC,POTATO,600,900,900,10-09-2025
HARYANA,PUNDRI,BOTTLE GOURD,800,900,"1,100",10-09-2025
HIMACHAL PRADESH,CHAMBA,TOMATO,"1,600","1,600","3,000",10-09-2025
MADHYA PRADESH,BINA,PEAS-DRY,"2,300","3,200","4,080",10-09-2025
MADHYA PRADESH,KRISHI UPAJ MANDI SAMITI-KHURAI,CHANA (BENGAL GRAM),"5,723","5,723","5,723",10-09-2025
MAHARASHTRA,JALGAON,WHEAT,"2,650","2,650","2,650",10-09-2025
MAHARASHTRA,KATOL,SOYABEANS,"3,900","4,250","4,250",10-09-2025
ODISHA,ATHMALLIK,CUCUMBER,"2,000","2,000","2,000",10-09-2025
ODISHA,ATHMALLIK,SNAKE GOURD,"1,650","1,650","1,650",10-09-2025
ODISHA,BALUGAON,TOMATO,"2,700","2,700","2,700",10-09-2025
ODISHA,BHANJANAGAR,PAPAYA,"1,800","1,800","1,800",10-09-2025
ODISHA,KUCHINDA,BOTTLE GOURD,"1,100","1,100","1,100",10-09-2025
RAJASTHAN,BIKANER F AND V,TINDA,"1,770","1,770","1,800",10-09-2025
RAJASTHAN,BIKANER F AND V,GHERKIN,"2,960","2,980","3,000",10-09-2025
UTTAR PRADESH,PRATAPGARH,PUMPKIN,"1,500","1,500","1,500",10-09-2025
UTTAR PRADESH,TULSIPUR APMC,WHEAT,"2,450","2,450","2,450",10-09-2025
WEST BENGAL,SHEORAPHULI,POTATO,"1,400","1,400","1,400",10-09-2025
WEST BENGAL,SHEORAPHULI,SNAKE GOURD,"2,100","2,100","2,100",10-09-2025
CHHATTISGARH,BHATAPARA,CHANA,"5,140","5,381","5,381",10-09-2025
CHHATTISGARH,BILASPUR,WHEAT,"2,641","2,641","2,641",10-09-2025
HARYANA,ELLANABAD,CUCUMBER,800,800,"3,900",10-09-2025
HARYANA,HANSI,GUAVA,"2,300","2,500","3,000",10-09-2025
HARYANA,SADHAURA APMC,POTATO,800,850,850,10-09-2025
HARYANA,SIRSA,CHILLI-4884,"2,400","2,800","3,200",10-09-2025
HARYANA,SOHNA,POTATO,"1,200","1,200","1,200",10-09-2025
MADHYA PRADESH,TIMARNI,MOONG WHOLE (GREEN GRAM),"7,400","7,400","7,400",10-09-2025
ODISHA,ATHMALLIK,BITTER GOURD,"2,655","2,655","2,655",10-09-2025
ODISHA,ATHMALLIK,RIDGE GOURD (TURAI),"2,260","2,260","2,260",10-09-2025
ODISHA,ATHMALLIK,PAPAYA,850,850,850,10-09-2025
ODISHA,ATHMALLIK,BRINJAL,"1,850","1,850","1,850",10-09-2025
ODISHA,ATHMALLIK,PUMPKIN,"1,150","1,150","1,150",10-09-2025
ODISHA,BHANJANAGAR,CAULIFLOWER,"5,400","5,400","5,400",10-09-2025
ODISHA,BIRAMAHARAJPUR,BOTTLE GOURD,"1,200","1,200","1,200",10-09-2025
ODISHA,BIRAMAHARAJPUR,LADY FINGER,"2,500","2,500","2,500",10-09-2025
RAJASTHAN,AJMER F AND V,BOTTLE GOURD,"1,600","1,816","1,826",10-09-2025
RAJASTHAN,BIKANER F AND V,BITTER GOURD,"1,470","1,500","1,500",10-09-2025
RAJASTHAN,SIKAR,BRINJAL-HYBRID,"2,200","2,500","3,000",10-09-2025
RAJASTHAN,SRIGANGANAGAR F AND V,SPONGE GOURD,"1,900","1,900","1,900",10-09-2025
RAJASTHAN,SRIGANGANAGAR F AND V,PINE APPLE,"5,000","5,000","5,000",10-09-2025
UTTAR PRADESH,MATHURA,WHEAT-BHANSI,"2,470","2,470","2,470",10-09-2025
HARYANA,FARIDABAD,CAULIFLOWER,"1,500","1,500","2,000",10-09-2025
HARYANA,NARAINGARH APMC,ONION RED,"1,500","1,500","1,500",10-09-2025
ODISHA,ATHMALLIK,TOMATO,"2,640","2,640","2,640",10-09-2025
ODISHA,BHANJANAGAR,IVY GOURD (KUNDRU),"2,200","2,200","2,200",10-09-2025
ODISHA,KEONJHAR,BITTER GOURD,"2,900","2,900","2,900",10-09-2025
ODISHA,KUCHINDA,TOMATO,"2,500","2,500","2,500",10-09-2025
ODISHA,UDALA,LADY FINGER,"2,200","2,200","2,200",10-09-2025
TAMIL NADU,POCHAMPALLI,COPRA,"14,019","22,619","23,300",10-09-2025
TELANGANA,WARANGAL,TURMERIC BULB,"4,899","9,789","9,789",10-09-2025
UTTAR PRADESH,BAREILLY,BRINJAL,"1,200","1,200","1,200",10-09-2025
UTTAR PRADESH,SAHARANPUR,PUMPKIN,"1,000","1,000","1,000",10-09-2025
UTTAR PRADESH,SHAMLI,TOMATO,"3,000","3,000","3,000",10-09-2025
ANDHRA PRADESH,KURNOOL,REDGRAM DAL,"1,342","2,029","2,697",10-09-2025
CHHATTISGARH,KATGHORA,PADDY LOCAL,"1,900","1,900","1,900",10-09-2025
CHHATTISGARH,KURUD,BITTER GOURD,"2,653","2,653","2,653",10-09-2025
GUJARAT,DEHGAM,WHEAT,"2,705","2,705","2,705",10-09-2025
HARYANA,FARIDABAD,BRINJAL,"1,200","1,200","1,200",10-09-2025
HARYANA,FARIDABAD,RADDISH,"1,200","1,200","1,200",10-09-2025
MAHARASHTRA,KATOL,WHEAT,"2,611","2,611","2,611",10-09-2025
ODISHA,BHANJANAGAR,GREEN CHILLI,"4,400","4,400","4,400",10-09-2025
ODISHA,BHANJANAGAR,TOMATO,"4,400","4,400","4,400",10-09-2025
ODISHA,DHENKANAL,TOMATO,"4,000","4,000","4,000",10-09-2025
ODISHA,NILGIRI,BITTER GOURD,"4,000","4,000","4,000",10-09-2025
ODISHA,NILGIRI,POINTED GOURD (PARWAL),"4,000","4,000","4,000",10-09-2025
ODISHA,NILGIRI,BRINJAL,"4,200","4,200","4,200",10-09-2025
ODISHA,NILGIRI,PUMPKIN,"1,500","1,500","1,500",10-09-2025
RAJASTHAN,AJMER F AND V,PUMPKIN,"1,400","1,400","1,404",10-09-2025
RAJASTHAN,JODHPUR F AND V,BEANS -CLUSTER,"4,500","4,500","7,000",10-09-2025
RAJASTHAN,KESHORAIPATAN,SOYABEANS,"4,200","4,200","4,200",10-09-2025
RAJASTHAN,KESRISINGHPUR,CHANA GRAM,"5,000","5,236","5,236",10-09-2025
RAJASTHAN,SIKAR,TINDA,"2,000","3,000","6,300",10-09-2025
TAMIL NADU,RAJASINGAMANGALAM,PADDY LOCAL,"1,600","1,600","1,600",10-09-2025
UTTAR PRADESH,BAREILLY,CUCUMBER,"1,100","1,150","1,150",10-09-2025
UTTAR PRADESH,SAHIYAPUR,BANANA,"1,155","1,155","1,155",10-09-2025
UTTAR PRADESH,SAHIYAPUR,CAULIFLOWER,"3,505","3,505","3,505",10-09-2025
GUJARAT,KHAMBHAT,BAJRA,"1,805","2,170","2,170",10-09-2025
HARYANA,DABWALI,AMERICAN-COTTON,"6,100","7,100","7,300",10-09-2025
HARYANA,FARIDABAD,CABBAGE,"1,200","1,200","1,200",10-09-2025
HARYANA,FEROZPUR JHIRKA APMC,TOMATO,"2,400","2,400","2,400",10-09-2025
MADHYA PRADESH,KRISHI UPAJ MANDI SAMITI-KOLARAS,MUSTARD,"6,310","6,310","6,310",10-09-2025
MADHYA PRADESH,VIDISHA,PADDY,"2,476","2,476","3,061",10-09-2025
MAHARASHTRA,BEED,WHEAT,"2,245","2,245","2,850",10-09-2025
MAHARASHTRA,KATOL,CHANA GRAM,"5,451","5,451","5,451",10-09-2025
ODISHA,BHANJANAGAR,BRINJAL-HYBRID,"3,400","3,400","3,400",10-09-2025
ODISHA,BHANJANAGAR,BHINDI (LADIES FINGER),"2,000","2,000","2,000",10-09-2025
ODISHA,BIRAMAHARAJPUR,CUCUMBER,"2,000","2,000","2,000",10-09-2025
ODISHA,RAHAMA,CABBAGE,"4,000","4,000","4,000",10-09-2025
RAJASTHAN,BANDIKUI,BAJRA,"1,800","2,240","2,240",10-09-2025
RAJASTHAN,BHAGAT KI KOTHI,ISABGOL,"9,850","9,850","9,850",10-09-2025
RAJASTHAN,BHINMAL,BEANS -CLUSTER,"1,800","1,850","1,900",10-09-2025
RAJASTHAN,BIKANER F AND V,CAULIFLOWER,"2,960","3,000","3,000",10-09-2025
RAJASTHAN,BIKANER F AND V,GUAVA,"2,100","2,200","2,200",10-09-2025
RAJASTHAN,JALORE,CABBAGE,"1,200","1,500","1,800",10-09-2025
RAJASTHAN,JODHPUR F AND V,CARROT,"1,900","2,000","2,500",10-09-2025
RAJASTHAN,MERTA CITY,MOONG WHOLE (GREEN GRAM),"6,855","7,190","7,520",10-09-2025
RAJASTHAN,NOKHA,MOONG WHOLE (GREEN GRAM),"6,400","6,600","6,600",10-09-2025
RAJASTHAN,PRATAPGARH RJ,MUSTARD,"6,460","6,500","6,500",10-09-2025
UTTAR PRADESH,PURANPUR,CUCUMBER,"1,920","1,920","1,920",10-09-2025
UTTARAKHAND,MANGLOUR,BANANA,"1,306","1,306","1,306",10-09-2025
WEST BENGAL,MOHAMAD BAZAR KRISHAK BAZAR,POTATO,"1,150","1,150","1,150",10-09-2025
WEST BENGAL,SILIGURI REGULATED MARKET COMM,BITTER GOURD,"3,015","3,015","3,015",10-09-2025
WEST BENGAL,SILIGURI REGULATED MARKET COMM,POINTED GOURD (PARWAL),"3,515","3,515","3,515",10-09-2025
ANDHRA PRADESH,DUGGIRALA,TURMERIC BULB,"8,500","9,900","10,100",10-09-2025
CHHATTISGARH,MUNGELI,WHEAT,"2,350","2,350","2,600",10-09-2025
HARYANA,GURGAON,GREEN CHILLI,"2,255","2,255","2,255",10-09-2025
HARYANA,HANSI,BOTTLE GOURD,"3,000","3,000","4,000",10-09-2025
HARYANA,HANSI,LADY FINGER,"3,500","3,500","4,000",10-09-2025
HARYANA,PUNDRI,ONION,"1,600","1,800","1,900",10-09-2025
HARYANA,SIRSA,CAULIFLOWER,"3,000","3,000","3,300",10-09-2025
HARYANA,THANESAR,LADY FINGER,"1,750","1,750","2,500",10-09-2025
HARYANA,THANESAR,BANANA,"3,000","3,000","3,000",10-09-2025
HARYANA,THANESAR,ARBI (COLACASIA),"1,500","1,500","2,000",10-09-2025
HIMACHAL PRADESH,KANGRA,BANANA,"4,500","4,500","4,500",10-09-2025
HIMACHAL PRADESH,UNA,POTATO,"1,300","1,300","1,300",10-09-2025
ODISHA,BETNOTI,RAW BANANA,"2,600","2,600","2,600",10-09-2025
ODISHA,BETNOTI,RIDGE GOURD (TURAI),"2,500","2,500","2,500",10-09-2025
ODISHA,BETNOTI,TOMATO,"2,500","2,500","2,500",10-09-2025
ODISHA,RAHAMA,BRINJAL,"3,500","3,500","3,500",10-09-2025
ODISHA,RAHAMA,PUMPKIN,"3,000","3,000","3,000",10-09-2025
RAJASTHAN,SRIGANGANAGAR F AND V,BITTER GOURD,"3,000","3,000","3,000",10-09-2025
RAJASTHAN,SURATGARH,COTTON,"6,850","7,211","7,211",10-09-2025
TAMIL NADU,GINGEE,GROUNDNUT KERNEL_80 KG(TN),"7,374","9,688","9,812",10-09-2025
TAMIL NADU,NATHAM,BOTTLE GOURD,160,160,160,10-09-2025
TAMIL NADU,THENI,MAIZE-OLD,"2,431","2,431","2,431",10-09-2025
UTTAR PRADESH,PURANPUR,POTATO,910,910,910,10-09-2025
UTTAR PRADESH,SAMBHAL APMC,GREEN CHILLI,"2,800","2,800","2,800",10-09-2025
UTTARAKHAND,DEHRADUN,CABBAGE,"1,300","1,300","1,300",10-09-2025
WEST BENGAL,SHEORAPHULI,JIMIKAND (SURAN),"3,000","3,000","3,000",10-09-2025
WEST BENGAL,SILIGURI REGULATED MARKET COMM,BRINJAL,"2,515","2,515","2,515",10-09-2025
CHHATTISGARH,BALOD,SAMA-MASURI,"2,046","2,046","2,057",10-09-2025
GUJARAT,BAGASARA,WHEAT,"2,325","2,450","2,765",10-09-2025
GUJARAT,PATDI APMC,CUMMIN,"17,125","18,125","18,230",10-09-2025
HARYANA,KANINA APMC,BAJRA,"2,100","2,100","2,200",10-09-2025
HARYANA,SIRSA,CABBAGE,"1,600","1,800","1,800",10-09-2025
HARYANA,SIRSA,COCONUT,"4,500","4,500","5,000",10-09-2025
HIMACHAL PRADESH,BHUNTAR,POMEGRANATE,"1,500","3,200","6,300",10-09-2025
MADHYA PRADESH,VIDISHA,MASOOR,"5,100","5,750","6,140",10-09-2025
MAHARASHTRA,NAGPUR,TUR/ARHAR,"6,300","6,411","6,411",10-09-2025
ODISHA,BETNOTI,PAPAYA,"2,000","2,000","2,000",10-09-2025
ODISHA,BETNOTI,IVY GOURD (KUNDRU),"2,200","2,200","2,200",10-09-2025
ODISHA,BETNOTI,SWEET CORN,"2,200","2,200","2,200",10-09-2025
ODISHA,BHANJANAGAR,LOBIA,"2,800","2,800","2,800",10-09-2025
ODISHA,BHANJANAGAR,ARBI (COLACASIA),"3,400","3,400","3,400",10-09-2025
ODISHA,HINDOL,BRINJAL,"4,000","4,000","4,000",10-09-2025
ODISHA,RAHAMA,CARROT,"4,000","4,000","4,000",10-09-2025
RAJASTHAN,BARMER,LADY FINGER,"3,230","3,230","3,230",10-09-2025
RAJASTHAN,DEGANA,BAJRA,"2,350","2,350","4,600",10-09-2025
UTTAR PRADESH,NAJIBABAD APMC,GREEN CHILLI,"4,250","4,270","4,270",10-09-2025
UTTAR PRADESH,SHAMLI,BOTTLE GOURD,"1,200","1,200","1,200",10-09-2025
UTTARAKHAND,KHATIMA,BANANA,"1,000","1,100","1,100",10-09-2025
CHHATTISGARH,RAJNANDGAON,MUSTARD,"6,150","6,252","6,252",10-09-2025
HARYANA,GURGAON,GARLIC,"3,522","3,522","5,655",10-09-2025
HARYANA,GURGAON,CABBAGE,"1,358","1,385","1,385",10-09-2025
MAHARASHTRA,MANORA,CHANA (BENGAL GRAM),"5,000","5,500","5,500",10-09-2025
ODISHA,MUKHIGUDA,TOMATO,"2,500","2,500","2,500",10-09-2025
ODISHA,RAIRAKHOL,BRINJAL,"2,700","2,700","2,700",10-09-2025
ODISHA,SARGIPALI,BRINJAL,"3,400","3,400","3,400",10-09-2025
RAJASTHAN,BHINMAL,ISABGOL,"6,800","6,800","6,800",10-09-2025
RAJASTHAN,DOONI,MUSTARD,"6,460","6,800","6,900",10-09-2025
RAJASTHAN,RAJSAMAND,BOTTLE GOURDE,"1,700","1,800","1,800",10-09-2025
RAJASTHAN,UDAIPUR F AND V,GROUND NUT,"3,000","3,000","3,500",10-09-2025
TAMIL NADU,GOPAL PATTI,BOTTLE GOURDE,200,200,200,10-09-2025
TAMIL NADU,KAVERIPAKKAM,PADDY LOCAL,"1,628","1,752","1,752",10-09-2025
UTTAR PRADESH,FATEHPUR SIKRI,WHEAT,"2,550","2,550","2,550",10-09-2025
UTTARAKHAND,DEHRADUN,CUCUMBER,"1,300","1,300","1,300",10-09-2025
WEST BENGAL,GANGARAMPUR,POTATO,970,970,975,10-09-2025
WEST BENGAL,MOHAMAD BAZAR KRISHAK BAZAR,COLOCASIA VEGETABLE,"1,350","1,350","1,350",10-09-2025
CHHATTISGARH,DHAMTARI,BRINJAL,"2,500","2,500","2,500",10-09-2025
CHHATTISGARH,JASHPUR,PADDY LOCAL,"2,330","2,330","2,330",10-09-2025
CHHATTISGARH,MUNGELI,PADDY-SAFARI,"1,800","1,823","1,823",10-09-2025
CHHATTISGARH,RAJNANDGAON,KODO MILLET,"1,600","2,160","2,160",10-09-2025
CHHATTISGARH,RAJNANDGAON,PADDY-DEV BHOG,"2,100","2,175","2,175",10-09-2025
GUJARAT,NAVSARI APMC,BANANA,"1,400","1,400","1,400",10-09-2025
HARYANA,FARIDABAD,ORANGE,"4,500","4,500","4,500",10-09-2025
HARYANA,GURGAON,RIDGE GOURD (TURAI),"2,200","2,200","2,200",10-09-2025
HARYANA,ROHTAK,APPLE,"1,500","1,500","1,500",10-09-2025
HARYANA,TAURU APMC,BANANA,"2,500","3,000","3,000",10-09-2025
MAHARASHTRA,AHILYANAGAR,TUR/ARHAR,"6,940","6,940","6,940",10-09-2025
ODISHA,BARIPADA,CABBAGE,"2,500","2,500","2,500",10-09-2025
ODISHA,GUNUPUR,MAIZE,"2,100","2,100","2,100",10-09-2025
ODISHA,JAGATSINGHPUR,PAPAYA,"3,500","3,500","3,500",10-09-2025
ODISHA,JALESWAR,PAPAYA,"2,200","2,200","2,200",10-09-2025
ODISHA,KHARIAR ROAD,TOMATO,"2,200","2,200","2,200",10-09-2025
ODISHA,MUKHIGUDA,CAULIFLOWER,"2,800","2,800","2,800",10-09-2025
ODISHA,NILGIRI,CUCUMBER,"3,000","3,000","3,000",10-09-2025
ODISHA,NILGIRI,BHINDI (LADIES FINGER),"4,500","4,500","4,500",10-09-2025
RAJASTHAN,AABU ROAD,CHILLIES,"3,800","3,800","3,800",10-09-2025
RAJASTHAN,BARMER,COCONUT DEHUSKED IN QUINTAL,"4,540","4,540","4,540",10-09-2025
RAJASTHAN,BARMER,BOTTLE GOURD,"2,220","2,220","2,220",10-09-2025
RAJASTHAN,CHOMU F AND V,SPONGE GOURD,"4,510","4,530","4,530",10-09-2025
RAJASTHAN,JHALRAPATAN,CHANA (BENGAL GRAM),"5,330","5,330","5,330",10-09-2025
RAJASTHAN,JHUNJHUNU,MUSTARD,"6,615","6,625","6,700",10-09-2025
RAJASTHAN,NOHAR,WHEAT,"2,518","2,539","2,539",10-09-2025
RAJASTHAN,NOKHA,FENUGREEK (WHOLE),"4,600","4,700","4,700",10-09-2025
RAJASTHAN,PHALODI,ISABGOL,"10,210","10,210","10,210",10-09-2025
RAJASTHAN,RIDMALSAR,WHEAT,"2,550","2,550","2,550",10-09-2025
RAJASTHAN,SRIGANGANAGAR F AND V,CAPSICUM,"4,200","4,200","4,200",10-09-2025
RAJASTHAN,TIJARA,MUSTARD,"6,600","6,600","6,600",10-09-2025
TAMIL NADU,KATTUPUTHUR,BANANA,650,650,650,10-09-2025
TAMIL NADU,SRIVAIKUNDAM,MAIZE,"2,500","2,500","2,500",10-09-2025
TAMIL NADU,THOOTHUKUDI,BANANA OTHERS,100,100,100,10-09-2025
UTTAR PRADESH,BADAUN,BRINJAL,"1,500","1,500","1,500",10-09-2025
UTTAR PRADESH,DEORIA,LADY FINGER,"1,600","1,600","1,600",10-09-2025
UTTAR PRADESH,LALGANJ,POTATO,800,800,800,10-09-2025
UTTAR PRADESH,MEERUT,TOMATO,"3,200","3,200","3,200",10-09-2025
UTTAR PRADESH,RAE BARELI,CAULIFLOWER,800,800,800,10-09-2025
UTTAR PRADESH,SAHARANPUR,POTATO,900,950,950,10-09-2025
UTTAR PRADESH,SAMBHAL APMC,POTATO,900,900,900,10-09-2025
UTTARAKHAND,BHAGWANPUR,RICE,"5,500","5,500","5,500",10-09-2025
UTTARAKHAND,BHAGWANPUR,POTATO,850,850,850,10-09-2025
UTTARAKHAND,KICHHA,BRINJAL,600,600,600,10-09-2025
UTTARAKHAND,KICHHA,ONION RED,"1,600","1,600","1,600",10-09-2025
UTTARAKHAND,MANGLOUR,POTATO,954,955,955,10-09-2025
UTTARAKHAND,VIKASNAGAR,RIDGE GOURD (TURAI),"1,500","1,500","1,500",10-09-2025
WEST BENGAL,KALNA SUB MARKET YARD,POTATO,"1,400","1,400","1,400",10-09-2025
WEST BENGAL,SILIGURI REGULATED MARKET COMM,TOMATO,"3,015","3,015","3,015",10-09-2025
ANDHRA PRADESH,KURNOOL,URAD (BLACK GRAM),"3,529","5,500","5,500",10-09-2025
CHHATTISGARH,DHAMTARI,CUCUMBER,"1,200","1,200","1,200",10-09-2025
HARYANA,SIRSA,WATER MELON,"2,000","2,500","2,500",10-09-2025
HARYANA,THANESAR,POMEGRANATE,"7,000","7,000","15,000",10-09-2025
HIMACHAL PRADESH,KANGRA,ONION,"2,500","2,500","2,500",10-09-2025
MAHARASHTRA,AHILYANAGAR,JOWAR,"3,420","3,420","3,600",10-09-2025
MAHARASHTRA,BABHULGAON,WHEAT,"2,150","2,505","2,605",10-09-2025
ODISHA,BIRAMAHARAJPUR,BITTER GOURD,"3,000","3,000","3,000",10-09-2025
ODISHA,DHENKANAL,PAPAYA,"3,000","3,000","3,000",10-09-2025
ODISHA,DHENKANAL,BRINJAL-HYBRID,"5,000","5,000","5,000",10-09-2025
ODISHA,KHARIAR ROAD,BRINJAL,"1,000","1,000","1,000",10-09-2025
RAJASTHAN,AABU ROAD,CAULIFLOWER,"2,800","2,800","2,800",10-09-2025
RAJASTHAN,UDAIPUR F AND V,BEANS -CLUSTER,"2,000","5,000","5,000",10-09-2025
TAMIL NADU,KURUNJIPADY,BAJRA-LOCAL,"2,237","2,237","2,337",10-09-2025
TAMIL NADU,SRIMUSHNAM,PADDY(75 KG),"1,879","1,879","1,986",10-09-2025
TELANGANA,BHAINSA,JOWAR,"1,444","1,676","1,866",10-09-2025
TELANGANA,ZAHEERABAD,SOYA-LOCAL,"4,262","4,588","4,588",10-09-2025
UTTAR PRADESH,HAPUR,RADDISH,900,900,900,10-09-2025
UTTAR PRADESH,HARDOI,BRINJAL,"1,000","1,000","1,000",10-09-2025
ANDHRA PRADESH,PALAMANER,CAULIFLOWER,800,"1,000","1,000",10-09-2025
CHHATTISGARH,DHAMTARI,BOTTLE GOURD,"2,000","2,000","2,000",10-09-2025
GUJARAT,WANKANER APMC,FENNEL SEED,"6,816","6,830","6,830",10-09-2025
HARYANA,FARIDABAD,ARBI (COLACASIA),"1,200","1,200","1,200",10-09-2025
HARYANA,HANSI,SWEET CORN,"1,000","1,000","1,200",10-09-2025
HIMACHAL PRADESH,UNA,ONION,"2,200","2,200","2,200",10-09-2025
MAHARASHTRA,VANI,SOYABEANS,"3,175","4,495","4,495",10-09-2025
ODISHA,SARGIPALI,BOTTLE GOURD,"2,000","2,000","2,000",10-09-2025
RAJASTHAN,BHAWANI MANDI,FENUGREEK (WHOLE),"4,000","4,530","4,530",10-09-2025
RAJASTHAN,BIKANER F AND V,BHINDI (LADIES FINGER),"2,500","2,500","2,500",10-09-2025
RAJASTHAN,DEOLI,BARLEY (JAU),"2,258","2,258","2,258",10-09-2025
RAJASTHAN,DEOLI,MUSTARD,"6,586","6,860","6,883",10-09-2025
RAJASTHAN,NIWAI,GUAR SEEDS,"4,300","4,300","4,300",10-09-2025
RAJASTHAN,NOHAR,MOTH,"4,991","4,991","5,316",10-09-2025
RAJASTHAN,SRIGANGANAGAR F AND V,RADDISH,"2,000","2,000","2,000",10-09-2025
RAJASTHAN,UDAIPUR F AND V,SPONGE GOURD,"6,000","6,000","7,000",10-09-2025
RAJASTHAN,UDAIPUR F AND V,GARLIC,"3,000","5,000","7,000",10-09-2025
TAMIL NADU,SEVUR,GROUND NUT-PODS,"5,510","5,510","6,500",10-09-2025
TELANGANA,BHAINSA,RED GRAM-LOCAL,"2,243","6,229","6,229",10-09-2025
UTTAR PRADESH,AKBARPUR,GREEN CHILLI,"2,550","2,550","2,600",10-09-2025
UTTAR PRADESH,AKBARPUR,BANANA,"2,050","2,050","2,050",10-09-2025
UTTAR PRADESH,DEORIA,BRINJAL,"1,900","1,900","1,900",10-09-2025
UTTAR PRADESH,JALALABAD APMC,PUMPKIN,800,800,800,10-09-2025
UTTARAKHAND,MANGLOUR,TOMATO,"1,622","1,625","1,625",10-09-2025
UTTARAKHAND,SITARGANJ,BANANA,"2,000","2,200","2,400",10-09-2025
WEST BENGAL,MOHAMAD BAZAR KRISHAK BAZAR,ONION RED,"1,800","1,800","1,800",10-09-2025
ANDHRA PRADESH,GUNTUR,CHILLI- ARMOUR,"7,800","12,800","12,800",10-09-2025
CHHATTISGARH,BALOD,PADDY-MAHAMAYA,"1,877","1,877","1,877",10-09-2025
CHHATTISGARH,RAJNANDGAON,TUR/ARHAR,"5,200","5,900","5,900",10-09-2025
HARYANA,GURGAON,CAULIFLOWER,"3,000","3,555","3,555",10-09-2025
HARYANA,PANIPAT,CAULIFLOWER,600,"1,000","1,000",10-09-2025
HARYANA,SHAHZADPUR APMC,POTATO,"1,000","1,000","1,000",10-09-2025
HIMACHAL PRADESH,CHAILCHOWK,CORIANDAR,"5,000","5,000","5,000",10-09-2025
HIMACHAL PRADESH,CHAILCHOWK,POTATO,"2,500","2,500","2,500",10-09-2025
HIMACHAL PRADESH,PALAMPUR,POTATO,"2,400","2,400","2,400",10-09-2025
ODISHA,BARIPADA,CARROT,"4,000","4,000","4,000",10-09-2025
ODISHA,KUCHINDA,BRINJAL,"3,000","3,000","3,000",10-09-2025
ODISHA,MUKHIGUDA,BRINJAL,"2,000","2,000","2,000",10-09-2025
ODISHA,RAIRAKHOL,CUCUMBER,"2,000","2,000","2,000",10-09-2025
RAJASTHAN,AJMER F AND V,POMEGRANATE,"7,200","7,202","7,206",10-09-2025
RAJASTHAN,BARMER,CAPSICUM,"3,535","3,535","3,535",10-09-2025
RAJASTHAN,BARMER,ORANGE,"3,435","3,435","3,435",10-09-2025
TAMIL NADU,THIRUKOVILUR,URAD (BLACK GRAM),929,"5,979","6,599",10-09-2025
TAMIL NADU,VELLORE,COPRA_80 KG(TN),"16,595","22,708","23,330",10-09-2025
UTTAR PRADESH,SAMBHAL APMC,TOMATO,"2,000","2,000","2,000",10-09-2025
GUJARAT,BHESAN,GINGILY (SESAME SEEDS) - RED,"9,655","9,665","9,665",10-09-2025
GUJARAT,GODHRA,PADDY,"2,181","2,181","2,181",10-09-2025
GUJARAT,MAHUVA APMC GJ,POINTED GOURD (PARWAL),"3,400","3,500","3,500",10-09-2025
HARYANA,BARWALA PANCHKULA APMC,TOMATO,"1,500","2,500","2,500",10-09-2025
HARYANA,DABWALI,CAULIFLOWER,"2,000","2,500","3,000",10-09-2025
HARYANA,ELLANABAD,GREEN CHILLI,"2,000","2,500","4,100",10-09-2025
HARYANA,FARIDABAD,CAPSICUM,"2,000","2,000","2,000",10-09-2025
HARYANA,FARIDABAD,LADY FINGER,"1,200","1,200","1,500",10-09-2025
HARYANA,HANSI,RADDISH,"2,000","2,000","3,000",10-09-2025
HARYANA,NARAINGARH APMC,BANANA WHITE CHAKRAKELI,"2,000","2,000","2,000",10-09-2025
MADHYA PRADESH,ASHTA,SOYA-YELLOW,"4,411","4,411","4,444",10-09-2025
MADHYA PRADESH,KAROND,CHANA,"5,846","5,846","5,846",10-09-2025
ODISHA,BARIPADA,CUCUMBER,"3,500","3,500","3,500",10-09-2025
ODISHA,BARIPADA,RIDGE GOURD (TURAI),"2,500","2,500","2,500",10-09-2025
ODISHA,BARIPADA,IVY GOURD (KUNDRU),"3,500","3,500","3,500",10-09-2025
ODISHA,DHENKANAL,CABBAGE,"3,000","3,000","3,000",10-09-2025
ODISHA,KHARIAR ROAD,BOTTLE GOURD,"1,000","1,000","1,000",10-09-2025
ODISHA,KHARIAR ROAD,CUCUMBER,"1,000","1,000","1,000",10-09-2025
RAJASTHAN,JALORE,LADY FINGER,"1,800","1,800","3,500",10-09-2025
RAJASTHAN,SRI GANGANAGAR GRAIN,AMERICAN-COTTON,"6,711","6,711","6,711",10-09-2025
TAMIL NADU,KILPENNATHUR,GROUNDNUT KERNEL_80 KG(TN),"9,024","9,324","9,612",10-09-2025
TELANGANA,SURYAPETA,GROUND NUT-PODS,"4,609","5,869","5,869",10-09-2025
UTTAR PRADESH,BAREILLY,BITTER GOURD,"1,300","1,300","1,300",10-09-2025
UTTAR PRADESH,BAREILLY,BOTTLE GOURD,"1,250","1,250","1,250",10-09-2025
UTTAR PRADESH,MAHOBA,GROUND NUT,"4,500","4,620","4,620",10-09-2025
UTTAR PRADESH,SAHARANPUR,LADY FINGER,"2,300","2,500","2,500",10-09-2025
UTTARAKHAND,KASHIPUR,CORIANDAR,"1,700","2,200","2,200",10-09-2025
UTTARAKHAND,ROORKEE,BITTER GOURD,"1,200","1,200","1,200",10-09-2025
UTTARAKHAND,ROORKEE,BOTTLE GOURD,850,850,850,10-09-2025
UTTARAKHAND,ROORKEE,RIDGE GOURD (TURAI),"1,050","1,050","1,050",10-09-2025
GUJARAT,NAVSARI APMC,BRINJAL,"7,600","7,600","7,600",10-09-2025
GUJARAT,NAVSARI APMC,BHINDI (LADIES FINGER),"4,100","4,100","4,100",10-09-2025
HARYANA,HANSI,BRINJAL,"3,000","3,800","4,000",10-09-2025
HARYANA,LADWA,MAIZE,"1,400","1,400","1,400",10-09-2025
HARYANA,PUNDRI,ARBI (COLACASIA),"1,800","2,000","2,100",10-09-2025
HARYANA,SIRSA,PUMPKIN,"1,400","1,400","1,400",10-09-2025
HIMACHAL PRADESH,PALAMPUR,BOTTLE GOURD,"6,500","6,500","6,500",10-09-2025
MAHARASHTRA,AHILYANAGAR,BAJRA,"2,575","2,620","2,665",10-09-2025
MAHARASHTRA,AMRAVATI,SESAME SEED,"9,000","9,000","9,000",10-09-2025
MAHARASHTRA,MALKAPUR,MOONG WHOLE (GREEN GRAM),"5,825","6,875","7,625",10-09-2025
MAHARASHTRA,PARTUR,WHEAT,"2,450","2,600","2,621",10-09-2025
ODISHA,BARIPADA,ARBI (COLACASIA),"2,800","2,800","2,800",10-09-2025
ODISHA,BHANJANAGAR,POINTED GOURD (PARWAL),"3,400","3,400","3,400",10-09-2025
ODISHA,BIRAMAHARAJPUR,LOBIA PODS,"2,000","2,000","2,000",10-09-2025
ODISHA,DHENKANAL,BITTER GOURD,"5,000","5,000","5,000",10-09-2025
ODISHA,KHARIAR ROAD,LADY FINGER,"1,200","1,200","1,200",10-09-2025
ODISHA,KHARIAR ROAD,PUMPKIN,800,800,800,10-09-2025
ODISHA,RAIRAKHOL,POINTED GOURD (PARWAL),"3,100","3,100","3,100",10-09-2025
ODISHA,RAIRAKHOL,PUMPKIN,"1,100","1,100","1,100",10-09-2025
RAJASTHAN,BIJAY NAGAR,APPLE,"5,000","5,000","5,000",10-09-2025
RAJASTHAN,BIJAY NAGAR,COCONUT DEHUSKED IN QUINTAL,"2,000","2,000","2,000",10-09-2025
RAJASTHAN,HANUMANGARH TOWN,GUAR SEEDS,"4,652","4,652","4,652",10-09-2025
RAJASTHAN,JALORE,MAIZE,"1,400","1,400","1,500",10-09-2025
RAJASTHAN,KESHORAIPATAN,WHEAT,"2,600","2,600","2,600",10-09-2025
RAJASTHAN,NOHAR,CHANA GRAM,"5,781","5,800","5,861",10-09-2025
RAJASTHAN,SADULSHAHAR,GUAR SEEDS,"4,700","4,700","4,700",10-09-2025
RAJASTHAN,SANGARIYA,CHANA GRAM,"5,401","5,401","5,578",10-09-2025
RAJASTHAN,SRIGANGANAGAR F AND V,PEAR,"7,000","7,000","7,000",10-09-2025
TAMIL NADU,SRIMUSHNAM,MAIZE-NEW,"2,259","2,289","2,289",10-09-2025
TAMIL NADU,VAZHAPPADI,MAIZE,"2,300","2,300","2,300",10-09-2025
UTTAR PRADESH,DEORIA,BANANA,"1,850","1,850","1,850",10-09-2025
UTTAR PRADESH,GOLAGOKARNATH,BOTTLE GOURD,800,800,800,10-09-2025
UTTAR PRADESH,KHALILABAD,BRINJAL,"1,200","1,200","1,200",10-09-2025
UTTAR PRADESH,PRAYAGRAJ,BANANA,"1,158","1,158","1,158",10-09-2025
UTTAR PRADESH,RASRA APMC,BRINJAL,"1,500","1,500","1,500",10-09-2025
UTTAR PRADESH,RASRA APMC,POINTED GOURD (PARWAL),"1,600","1,600","1,600",10-09-2025
UTTARAKHAND,DEHRADUN,PUMPKIN,"1,300","1,300","1,300",10-09-2025
UTTARAKHAND,ROORKEE,LADY FINGER,"1,350","1,350","1,350",10-09-2025
WEST BENGAL,DHUPGURI PRINCIPAL MARKET YARD,POTATO,800,800,800,10-09-2025
WEST BENGAL,DHUPGURI PRINCIPAL MARKET YARD,SQUASH,800,800,800,10-09-2025
ANDHRA PRADESH,KURNOOL,CHANA,"3,729","3,729","3,729",10-09-2025
CHHATTISGARH,AMBIKAPUR,MAHUA,"3,300","3,300","3,300",10-09-2025
CHHATTISGARH,RAJNANDGAON,MOONG WHOLE (GREEN GRAM),"5,400","6,050","6,050",10-09-2025
HARYANA,DABWALI,TOMATO,"1,500","1,800","2,800",10-09-2025
HARYANA,FEROZPUR JHIRKA APMC,BOTTLE GOURD,"1,600","1,600","1,800",10-09-2025
HARYANA,NARAINGARH APMC,MOUSAMBI,"3,200","3,200","4,000",10-09-2025
HARYANA,PANIPAT,GUAVA,800,800,"1,000",10-09-2025
HARYANA,TAURU APMC,POMEGRANATE,"8,000","8,000","8,000",10-09-2025
MADHYA PRADESH,KAROND,MOONG WHOLE (GREEN GRAM),"6,500","6,600","6,600",10-09-2025
MADHYA PRADESH,KHANDWA,CHANA (BENGAL GRAM)-DESI,"5,150","5,300","5,400",10-09-2025
ODISHA,HINJILICUT,CUCUMBER,"1,300","1,300","1,300",10-09-2025
ODISHA,HINJILICUT,SPONGE GOURD,"1,400","1,400","1,400",10-09-2025
ODISHA,RAIRAKHOL,PAPAYA,"1,700","1,700","1,700",10-09-2025
ODISHA,RAIRAKHOL,TOMATO,"3,000","3,000","3,000",10-09-2025
RAJASTHAN,AJMER F AND V,SPRING ONION,"1,600","1,626","1,626",10-09-2025
RAJASTHAN,AJMER F AND V,SPINACH (PALAK),"1,600","1,620","1,622",10-09-2025
RAJASTHAN,BIJAY NAGAR,BARLEY (JAU),"2,145","2,214","2,214",10-09-2025
RAJASTHAN,UDAIPUR F AND V,BEETROOT,"1,600","1,600","2,000",10-09-2025
TAMIL NADU,KALLAKURICHI,BAJRA,"2,755","2,805","2,805",10-09-2025
TAMIL NADU,KALLAKURICHI,GINGELLY_80 KG(TN),"6,944","8,459","11,785",10-09-2025
TAMIL NADU,ULUNDURPETTAI,GROUNDNUT KERNEL_80 KG(TN),"8,649","8,649","8,649",10-09-2025
TAMIL NADU,VILLUPURAM,RAGI-LOCAL,"3,569","3,839","3,839",10-09-2025
TAMIL NADU,VILLUPURAM,GINGELLY_80 KG(TN),"6,837","11,113","11,512",10-09-2025
TELANGANA,BADEPALLY,CASTOR SEED,"5,881","6,001","6,011",10-09-2025
UTTAR PRADESH,ANAND NAGAR APMC,BANANA,"1,800","1,800","1,800",10-09-2025
UTTAR PRADESH,CHANDAUSI,POTATO,850,850,850,10-09-2025
UTTAR PRADESH,HARDOI,PUMPKIN,800,800,800,10-09-2025
UTTAR PRADESH,KHALILABAD,BOTTLE GOURD,"1,200","1,200","1,200",10-09-2025
CHHATTISGARH,RAIPUR,SWARNA PADDY,"1,821","1,821","1,828",10-09-2025
GUJARAT,FATEHPURA APMC,PADDY LOCAL,"1,660","1,660","1,660",10-09-2025
GUJARAT,JHALOD,PADDY-PR,"1,850","1,850","1,850",10-09-2025
HARYANA,BARWALA PANCHKULA APMC,ONION,"1,500","1,500","2,000",10-09-2025
HARYANA,CH DADRI,BANANA,"3,000","4,000","4,000",10-09-2025
HARYANA,DABWALI,BRINJAL,"1,000","1,500","2,500",10-09-2025
HARYANA,DABWALI,MUSTARD,"6,550","6,550","6,785",10-09-2025
HARYANA,FARIDABAD,BITTER GOURD,"1,200","1,200","1,200",10-09-2025
HARYANA,FARIDABAD,GREEN CHILLI,"2,200","2,200","2,200",10-09-2025
HARYANA,HANSI,CABBAGE,"2,000","2,500","2,500",10-09-2025
HARYANA,SADHAURA APMC,ONION,"1,800","1,800","1,800",10-09-2025
HARYANA,TAURU APMC,GUAVA,"1,000","1,800","1,800",10-09-2025
HARYANA,TAURU APMC,TOMATO,"2,500","3,000","3,000",10-09-2025
HIMACHAL PRADESH,CHAILCHOWK,ONION,"1,600","1,600","1,600",10-09-2025
MADHYA PRADESH,NEEMUCH,ARHAR WHOLE / TUR (RED GRAM),"3,434","4,491","4,491",10-09-2025
MADHYA PRADESH,SEMRI HARCHAND,MOONG WHOLE (GREEN GRAM),"1,810","1,880","1,880",10-09-2025
MAHARASHTRA,MALKAPUR,ONION,700,700,780,10-09-2025
ODISHA,DHENKANAL,CUCUMBER,"4,000","4,000","4,000",10-09-2025
ODISHA,KHARIAR ROAD,LOBIA PODS,"1,200","1,200","1,200",10-09-2025
ODISHA,KUCHINDA,BITTER GOURD,"2,200","2,200","2,200",10-09-2025
ODISHA,MUKHIGUDA,CABBAGE,"2,200","2,200","2,200",10-09-2025
RAJASTHAN,BARMER,GARLIC,"4,040","4,040","4,040",10-09-2025
RAJASTHAN,DEGANA,MUSTARD,"6,000","6,300","6,300",10-09-2025
RAJASTHAN,DEGANA,MOONG WHOLE (GREEN GRAM),"6,400","6,400","6,400",10-09-2025
RAJASTHAN,JHUNJHUNU,BAJRA,"2,250","2,300","2,300",10-09-2025
RAJASTHAN,SRI VIJAYNAGAR,GUAR SEEDS,"4,645","4,645","4,645",10-09-2025
RAJASTHAN,UDAIPUR F AND V,POINTED GOURD (PARWAL),"5,000","5,000","5,000",10-09-2025
TAMIL NADU,ANDIMADAM,MAIZE,"2,305","2,305","2,305",10-09-2025
TAMIL NADU,KOVILPATTI,CUCUMBER,800,800,800,10-09-2025
TELANGANA,BADEPALLY,PADDY-R.N.R,"1,756","1,756","1,756",10-09-2025
UTTAR PRADESH,ETAWAH,CABBAGE,"1,020","1,020","1,020",10-09-2025
UTTAR PRADESH,SANDILA APMC,POTATO,"1,000","1,000","1,100",10-09-2025
UTTARAKHAND,RISHIKESH,CABBAGE,"1,280","1,285","1,300",10-09-2025
WEST BENGAL,DHUPGURI PRINCIPAL MARKET YARD,CABBAGE,"1,700","1,700","1,700",10-09-2025
WEST BENGAL,SAMSHERGANJ KRISHAK BAZAR,ONION,"1,700","1,700","1,700",10-09-2025
WEST BENGAL,SAMSHERGANJ KRISHAK BAZAR,POTATO,"1,500","1,520","1,520",10-09-2025
WEST BENGAL,SAMSI SUB MARKET YARD,BRINJAL,"2,515","2,515","2,515",10-09-2025
CHHATTISGARH,BHATAPARA,PEAS GREEN,"3,800","3,800","3,800",10-09-2025
GUJARAT,DHARI,COTTON-LOOSE,"5,275","6,455","6,805",10-09-2025
HARYANA,BARWALA HISAR,BOTTLE GOURD,"3,500","4,000","4,000",10-09-2025
HARYANA,CH DADRI,GREEN CHILLI,"2,500","2,500","6,000",10-09-2025
HARYANA,HANSI,BITTER GOURD,"3,000","4,000","4,000",10-09-2025
HARYANA,PANIPAT,ARBI (COLACASIA),500,900,900,10-09-2025
HARYANA,PEHOWA,ONION,"2,000","2,000","2,000",10-09-2025
MADHYA PRADESH,BINA,TEVADA,"3,075","3,075","3,250",10-09-2025
MADHYA PRADESH,GADARWARA,MOONG WHOLE (GREEN GRAM),"7,081","7,651","7,651",10-09-2025
MAHARASHTRA,BEED,MOONG WHOLE (GREEN GRAM),"6,200","6,320","7,200",10-09-2025
MAHARASHTRA,PARTUR,JOWAR,"1,950","1,950","2,150",10-09-2025
MAHARASHTRA,PHALTAN,WHEAT,"2,640","2,700","2,700",10-09-2025
ODISHA,RAIRAKHOL,RAW BANANA,"2,800","2,800","2,800",10-09-2025
PUDUCHERRY,THATTANCHAVADY,MILLET,"2,599","2,599","2,760",10-09-2025
RAJASTHAN,AJMER F AND V,LADY FINGER,"1,900","1,924","1,926",10-09-2025
RAJASTHAN,AJMER F AND V,CAPSICUM,"2,500","2,500","2,506",10-09-2025
RAJASTHAN,ANTA,WHEAT,"2,550","2,550","2,551",10-09-2025
RAJASTHAN,BHAWANI MANDI,CORIANDER WHOLE,"7,000","7,000","7,000",10-09-2025
RAJASTHAN,BIKANER F AND V,RIDGE GOURD (TURAI),"2,970","2,970","3,000",10-09-2025
RAJASTHAN,JALORE,BOTTLE GOURD,"1,500","2,500","2,500",10-09-2025
RAJASTHAN,JALORE,BRINJAL,"1,800","2,800","2,800",10-09-2025
RAJASTHAN,NOHAR,CASTOR SEED,"6,340","6,425","6,425",10-09-2025
RAJASTHAN,NOKHA,WHEAT,"2,811","2,811","2,811",10-09-2025
RAJASTHAN,PILIBANGA,PADDY,"2,721","2,721","2,721",10-09-2025
RAJASTHAN,SURATGARH,GUAR SEEDS,"4,680","4,680","4,680",10-09-2025
RAJASTHAN,SURATGARH,WHEAT,"2,570","2,670","2,670",10-09-2025
TAMIL NADU,ARCOT,PADDY CO 51(TN),"1,534","1,534","1,534",10-09-2025
TELANGANA,KESAMUDRAM,COTTON-LRA,"6,411","7,456","7,456",10-09-2025
UTTAR PRADESH,GORAKHPUR,PUMPKIN,710,710,710,10-09-2025
UTTAR PRADESH,KHALILABAD,PUMPKIN,"1,200","1,200","1,200",10-09-2025
UTTAR PRADESH,PRATAPGARH,BRINJAL,"1,600","1,600","1,600",10-09-2025
UTTAR PRADESH,RAE BARELI,RICE,"2,460","2,460","2,500",10-09-2025
UTTARAKHAND,KHATIMA,TOMATO,"1,600","1,600","1,700",10-09-2025
UTTARAKHAND,RAMNAGAR,CUCUMBER,"2,500","2,500","2,500",10-09-2025
WEST BENGAL,DHUPGURI PRINCIPAL MARKET YARD,PUMPKIN,"1,400","1,400","1,400",10-09-2025
WEST BENGAL,GANGARAMPUR,PUMPKIN,"1,500","1,500","1,500",10-09-2025
ANDHRA PRADESH,PALAMANER,BRINJAL,"2,000","2,000","2,000",10-09-2025
ANDHRA PRADESH,PALAMANER,GREEN CHILLI,"3,000","4,500","4,500",10-09-2025
ANDHRA PRADESH,PALAMANER,RIDGE GOURD (TURAI),"2,000","2,500","3,000",10-09-2025
CHHATTISGARH,BHATAPARA,MASOOR,"5,851","5,851","5,851",10-09-2025
GUJARAT,RAPAR,CASTOR SEED,"6,225","6,290","6,290",10-09-2025
HARYANA,BARWALA HISAR,GUAVA,"2,000","2,500","2,500",10-09-2025
HARYANA,CH DADRI,APPLE,"7,000","7,000","8,000",10-09-2025
HARYANA,CH DADRI,SWEET LEMON (MOSAMBI),"3,000","3,200","3,200",10-09-2025
HARYANA,PUNDRI,RIDGE GOURD (TURAI),"2,000","2,000","2,500",10-09-2025
HARYANA,PUNDRI,CUCUMBER,"1,500","1,500","1,800",10-09-2025
HARYANA,SADHAURA APMC,TOMATO,"2,000","2,000","2,000",10-09-2025
HARYANA,SIRSA,BOTTLE GOURD,"2,000","2,000","2,200",10-09-2025
JAMMU AND KASHMIR,UDHAMPUR,BRINJAL,"2,800","2,800","2,800",10-09-2025
MADHYA PRADESH,BERASIA,CHANA (BENGAL GRAM)-DESI,"3,350","4,805","5,450",10-09-2025
MAHARASHTRA,BARAMATI,SILK COCOON(BH) _DOUBLE HYBR,"55,000","66,500","69,000",10-09-2025
ODISHA,KHARIAR ROAD,RAW BANANA,"1,300","1,300","1,300",10-09-2025
ODISHA,RAIRAKHOL,BHINDI (LADIES FINGER),"2,700","2,700","2,700",10-09-2025
RAJASTHAN,AJMER F AND V,BITTER GOURD,"1,800","1,804","1,814",10-09-2025
RAJASTHAN,AJMER F AND V,BRINJAL,"1,350","1,362","1,400",10-09-2025
RAJASTHAN,BIKANER F AND V,BEANS -CLUSTER,"5,980","6,000","6,000",10-09-2025
RAJASTHAN,BIKANER F AND V,PUMPKIN,"1,190","1,200","1,200",10-09-2025
RAJASTHAN,DOONI,BARLEY (JAU),"2,125","2,250","2,250",10-09-2025
RAJASTHAN,JODHPUR F AND V,PUMPKIN,900,900,900,10-09-2025
RAJASTHAN,KEKRI,BARLEY (JAU),"2,011","2,011","2,251",10-09-2025
RAJASTHAN,MALPURA,MOONG WHOLE (GREEN GRAM),"5,500","5,500","5,500",10-09-2025
RAJASTHAN,RAJSAMAND,CABBAGE,"2,300","2,300","2,400",10-09-2025
TAMIL NADU,CHINNASALEM,MAIZE,"2,060","2,060","2,260",10-09-2025
TAMIL NADU,KURUNJIPADY,MAIZE,"2,172","2,172","2,172",10-09-2025
TAMIL NADU,POLUR,PADDY ADT-37(TN),"1,787","1,787","1,787",10-09-2025
TAMIL NADU,VILLUPURAM,MAIZE,"2,269","2,279","2,279",10-09-2025
TAMIL NADU,VIRUDHACHALAM,FOX TAIL MILLET,"2,389","2,809","2,809",10-09-2025
TELANGANA,ZAHEERABAD,MAIZE,"2,205","2,218","2,326",10-09-2025
UTTAR PRADESH,HAPUR,BRINJAL,"1,300","1,300","1,300",10-09-2025
UTTAR PRADESH,RAE BARELI,BRINJAL,800,800,800,10-09-2025
UTTAR PRADESH,SANDILA APMC,BOTTLE GOURDE,"1,150","1,200","1,200",10-09-2025
UTTARAKHAND,RAMNAGAR,RADDISH,"1,500","1,500","1,500",10-09-2025
ANDHRA PRADESH,PALAMANER,POTATO,"2,000","2,000","2,000",10-09-2025
CHHATTISGARH,RAJNANDGAON,PADDY-BPT,"2,065","2,075","2,100",10-09-2025
GUJARAT,MORBI,GROUND NUT,"4,400","4,400","4,400",10-09-2025
GUJARAT,RAJKOT,CUMMIN,"16,820","17,625","17,625",10-09-2025
HARYANA,ADAMPUR,MUSTARD,"6,810","7,050","7,100",10-09-2025
HARYANA,AMBALA CANTT. APMC,GARLIC,"5,000","5,000","5,000",10-09-2025
HARYANA,DABWALI,PEAR,"2,000","2,000","9,000",10-09-2025
HARYANA,HANSI,WATER MELON,"2,000","2,000","2,000",10-09-2025
HARYANA,SIRSA,TINDA,"4,000","4,000","4,000",10-09-2025
HARYANA,SIRSA,POMEGRANATE,"9,500","9,500","9,500",10-09-2025
HARYANA,SOHNA,CUCUMBER,"1,800","2,500","2,500",10-09-2025
HARYANA,THANESAR,LEMON,"3,000","3,000","4,500",10-09-2025
HIMACHAL PRADESH,CHAMBA,POTATO,"1,200","1,200","1,200",10-09-2025
HIMACHAL PRADESH,UNA,CAULIFLOWER,"6,000","6,000","6,000",10-09-2025
JAMMU AND KASHMIR,NARWAL,APPLE,"12,000","12,000","12,000",10-09-2025
JAMMU AND KASHMIR,UDHAMPUR,LADY FINGER,"3,000","3,000","3,000",10-09-2025
MAHARASHTRA,BEED,URAD (BLACK GRAM),"5,360","5,600","5,600",10-09-2025
MAHARASHTRA,CHANDUR BAZAR,JOWAR,"2,050","2,050","2,050",10-09-2025
MAHARASHTRA,CHANDUR BAZAR,WHEAT,"2,550","2,550","2,550",10-09-2025
RAJASTHAN,AABU ROAD,CORIANDAR,"9,600","9,600","9,600",10-09-2025
RAJASTHAN,AABU ROAD,BITTER GOURD,"2,400","2,400","2,400",10-09-2025
RAJASTHAN,BARMER,BEANS -CLUSTER,"5,240","5,240","5,240",10-09-2025
RAJASTHAN,BARMER,CABBAGE,"3,030","3,030","3,030",10-09-2025
RAJASTHAN,BARODAMEV,WHEAT,"2,622","2,622","2,622",10-09-2025
RAJASTHAN,CHOMU F AND V,BHINDI (LADIES FINGER),"4,025","4,045","4,050",10-09-2025
RAJASTHAN,HANUMANGARH,MOONG WHOLE (GREEN GRAM),"3,600","3,700","5,725",10-09-2025
RAJASTHAN,NADBAI,BAJRA,"2,100","2,100","2,100",10-09-2025
RAJASTHAN,OSIAN MATHANIA,WHEAT,"2,700","2,700","2,800",10-09-2025
RAJASTHAN,SRIKARANPUR,MUSTARD,"6,686","6,686","6,686",10-09-2025
RAJASTHAN,SURATGARH,MUSTARD,"6,536","6,536","6,599",10-09-2025
TAMIL NADU,ANDIPATTI,BANANA,"1,000","1,000","1,000",10-09-2025
TAMIL NADU,TENKASI,PUMPKIN,"1,000","1,000","1,000",10-09-2025
TAMIL NADU,TISAYANVILAI,MINT LEAVES,500,500,500,10-09-2025
TAMIL NADU,ULUNDURPETTAI,URAD (BLACK GRAM),"2,699","5,499","5,999",10-09-2025
TAMIL NADU,VILLUPURAM,URAD (BLACK GRAM),"5,399","5,399","7,171",10-09-2025
TELANGANA,VIKARABAD,AJWAIN,"8,945","10,382","10,581",10-09-2025
TELANGANA,VIKARABAD,REDGRAM-RED,"6,359","6,359","6,359",10-09-2025
UTTAR PRADESH,AMROHA APMC,GREEN CHILLI,"1,300","1,350","1,350",10-09-2025
UTTAR PRADESH,BARABANKI,LADY FINGER,"1,675","1,700","1,700",10-09-2025
UTTAR PRADESH,BAREILLY,POTATO,"1,000","1,000","1,000",10-09-2025
UTTAR PRADESH,GOLAGOKARNATH,CAULIFLOWER,"1,000","1,000","1,000",10-09-2025
UTTAR PRADESH,GOLAGOKARNATH,CABBAGE,"1,000","1,000","1,000",10-09-2025
UTTAR PRADESH,GOLAGOKARNATH,PUMPKIN,801,801,801,10-09-2025
UTTAR PRADESH,GORAKHPUR,COLOCASIA VEGETABLE,720,720,720,10-09-2025
UTTAR PRADESH,HASANPUR APMC,CHILLIES,"2,000","2,000","2,000",10-09-2025
UTTAR PRADESH,HASANPUR APMC,TOMATO,"2,000","2,000","2,000",10-09-2025
UTTAR PRADESH,JALALABAD APMC,COLOCASIA VEGETABLE,"2,000","2,000","2,000",10-09-2025
UTTAR PRADESH,NAUGARH APMC,CAULIFLOWER,"1,580","1,580","1,580",10-09-2025
UTTAR PRADESH,POWAYAN,TOMATO,"2,500","2,500","2,500",10-09-2025
UTTAR PRADESH,PRAYAGRAJ,ONION,"1,160","1,160","1,160",10-09-2025
UTTAR PRADESH,RAE BARELI,WHEAT,"2,450","2,450","2,460",10-09-2025
UTTAR PRADESH,RAE BARELI,PUMPKIN,700,700,700,10-09-2025
UTTAR PRADESH,RASRA APMC,BITTER GOURD,"1,600","1,600","1,600",10-09-2025
UTTAR PRADESH,RASRA APMC,BOTTLE GOURD,"1,600","1,600","1,600",10-09-2025
UTTAR PRADESH,SHAMLI,CUCUMBER,"1,500","1,500","1,500",10-09-2025
UTTARAKHAND,HALDWANI,LADY FINGER,"1,000","1,000","1,000",10-09-2025
UTTARAKHAND,KASHIPUR,CAULIFLOWER,"1,800","1,800","2,200",10-09-2025
UTTARAKHAND,KICHHA,BITTER GOURD,"1,300","1,300","1,300",10-09-2025
UTTARAKHAND,KICHHA,RIDGE GOURD (TURAI),"1,300","1,300","1,300",10-09-2025
WEST BENGAL,KALNA SUB MARKET YARD,COLOCASIA VEGETABLE,"2,000","2,000","2,000",10-09-2025
ANDHRA PRADESH,PALAMANER,BEANS -CLUSTER,"4,000","4,000","5,000",10-09-2025
CHHATTISGARH,MUNGELI,CHANA (BENGAL GRAM),"4,850","5,510","5,510",10-09-2025
GUJARAT,BILIMORA,BRINJAL,"1,000","1,200","1,200",10-09-2025
HARYANA,FEROZPUR JHIRKA APMC,BRINJAL,"1,800","1,800","1,800",10-09-2025
HARYANA,HANSI,CAULIFLOWER,"4,000","4,000","6,000",10-09-2025
HARYANA,PANIPAT,SWEET CORN,600,600,700,10-09-2025
HARYANA,PANIPAT,LADY FINGER,500,550,700,10-09-2025
HARYANA,SIRSA,PINE APPLE,"5,000","5,500","5,800",10-09-2025
HARYANA,SIRSA,LEMON,"3,000","3,200","4,000",10-09-2025
HARYANA,TAURU APMC,CUCUMBER,"1,700","2,000","2,000",10-09-2025
HARYANA,THANESAR,GUAVA,"3,000","3,000","5,000",10-09-2025
HARYANA,THANESAR,CARROT,"1,500","2,000","2,000",10-09-2025
HARYANA,THANESAR,CAPSICUM,"4,000","4,000","7,000",10-09-2025
HIMACHAL PRADESH,KANGRA,CAULIFLOWER,"4,500","4,500","4,500",10-09-2025
HIMACHAL PRADESH,PALAMPUR,ONION,"2,500","2,500","2,500",10-09-2025
MADHYA PRADESH,KHANDWA,MAIZE YELLOW,"2,031","2,031","2,091",10-09-2025
MADHYA PRADESH,NEEMUCH,PEAS GREEN,"2,323","3,332","3,955",10-09-2025
MAHARASHTRA,BABHULGAON,CHANA,"4,560","5,550","5,550",10-09-2025
MAHARASHTRA,PARTUR,CHANA GRAM,"4,316","4,366","4,366",10-09-2025
ODISHA,RAIRAKHOL,BITTER GOURD,"3,000","3,000","3,000",10-09-2025
RAJASTHAN,AJMER F AND V,PINE APPLE,"3,600","3,604","3,606",10-09-2025
RAJASTHAN,AJMER F AND V,LEMON,"3,200","3,202","3,204",10-09-2025
RAJASTHAN,IKLERA,CHANA (BENGAL GRAM),"5,310","5,326","5,420",10-09-2025
RAJASTHAN,MALPURA,CHANA (BENGAL GRAM),"5,500","5,500","5,500",10-09-2025
RAJASTHAN,MERTA CITY,TARAMIRA,"5,450","5,450","5,450",10-09-2025
RAJASTHAN,OSIAN MATHANIA,BAJRA,"2,300","2,300","2,450",10-09-2025
RAJASTHAN,SIKAR,MOUSAMBI,"2,200","2,200","2,200",10-09-2025
RAJASTHAN,SRIGANGANAGAR F AND V,PEAS GREEN,"11,000","11,000","11,000",10-09-2025
RAJASTHAN,UDAIPUR F AND V,BROAD BEANS,"3,000","3,000","3,000",10-09-2025
TAMIL NADU,PANRUTI,BAJRA-LOCAL,"2,459","2,459","2,709",10-09-2025
TELANGANA,NARAYANPET,REDGRAM-RED,"5,809","5,809","5,809",10-09-2025
TELANGANA,TIRUMALGIRI,ARHAR WHOLE / TUR (RED GRAM),"5,608","5,608","5,860",10-09-2025
UTTAR PRADESH,BULANDSHAHAR,CHILLIES,"3,500","3,500","3,510",10-09-2025
UTTAR PRADESH,CHANDPUR,POTATO,"1,250","1,250","1,250",10-09-2025
UTTAR PRADESH,HAPUR,LADY FINGER,"1,300","1,300","1,300",10-09-2025
UTTAR PRADESH,HARDOI,CUCUMBER,"1,500","1,500","1,500",10-09-2025
UTTAR PRADESH,JALALABAD APMC,GROUND NUT,"5,500","5,500","5,500",10-09-2025
UTTARAKHAND,KASHIPUR,CUCUMBER,"1,500","1,500","1,500",10-09-2025
UTTARAKHAND,KASHIPUR,ONION,"1,600","1,600","1,700",10-09-2025
UTTARAKHAND,KHATIMA,BITTER GOURD,900,900,"1,600",10-09-2025
UTTARAKHAND,MANGLOUR,PUMPKIN,845,850,850,10-09-2025
UTTARAKHAND,ROORKEE,GREEN CHILLI,"1,500","1,500","1,500",10-09-2025
UTTARAKHAND,ROORKEE,CABBAGE,"1,000","1,000","1,000",10-09-2025
WEST BENGAL,GANGARAMPUR,POINTED GOURD (PARWAL),"3,520","3,520","3,520",10-09-2025
WEST BENGAL,KALNA SUB MARKET YARD,PAPAYA,"1,000","1,000","1,000",10-09-2025
WEST BENGAL,KALNA SUB MARKET YARD,ONION,"2,000","2,000","2,000",10-09-2025
GUJARAT,BILIMORA,CABBAGE,"1,400","1,500","1,500",10-09-2025
GUJARAT,MORBI,WHEAT,"2,600","2,600","2,680",10-09-2025
HARYANA,DABWALI,SQUASH,"1,000","1,000","1,000",10-09-2025
HARYANA,ELLANABAD,RIDGE GOURD (TURAI),"2,500","2,500","3,600",10-09-2025
HARYANA,ELLANABAD,BOTTLE GOURD,"2,000","2,500","4,000",10-09-2025
HARYANA,FARIDABAD,IVY GOURD (KUNDRU),"1,200","1,200","1,200",10-09-2025
HARYANA,HANSI,CAPSICUM,"5,000","6,000","7,000",10-09-2025
HARYANA,NARAINGARH APMC,GREEN CHILLI,"1,500","2,000","2,500",10-09-2025
HARYANA,SADHAURA APMC,BITTER GOURD,"2,300","2,300","2,500",10-09-2025
HARYANA,SIRSA,CAPSICUM,"3,500","4,500","4,500",10-09-2025
HARYANA,SIRSA,CUCUMBER,"1,400","1,500","1,500",10-09-2025
HARYANA,SOHNA,TOMATO,"3,000","3,000","3,000",10-09-2025
HARYANA,SOHNA,ONION,"1,800","1,800","1,800",10-09-2025
HARYANA,THANESAR,PINE APPLE,"4,000","4,000","4,000",10-09-2025
HARYANA,THANESAR,WATER MELON,"3,000","3,000","3,000",10-09-2025
HIMACHAL PRADESH,DHARAMSHALA,BANANA,"4,400","4,400","4,400",10-09-2025
HIMACHAL PRADESH,KANGRA,PUMPKIN,"2,000","2,000","2,000",10-09-2025
JAMMU AND KASHMIR,KATHUA,BANANA,"3,500","3,500","3,500",10-09-2025
JAMMU AND KASHMIR,PHALAYANA,SNAKE GOURD,"3,500","3,500","3,500",10-09-2025
JAMMU AND KASHMIR,UDHAMPUR,TOMATO,"3,000","3,000","3,000",10-09-2025
ODISHA,RAIRAKHOL,CABBAGE,"3,000","3,000","3,000",10-09-2025
PUDUCHERRY,THATTANCHAVADY,RAGI-LOCAL,"3,949","3,949","3,949",10-09-2025
RAJASTHAN,AJMER F AND V,WATER MELON,"1,500","1,502","1,504",10-09-2025
RAJASTHAN,ANOOPGARH,GUAR SEEDS,"4,500","4,500","4,700",10-09-2025
RAJASTHAN,BARMER,GINGER,"4,040","4,040","4,040",10-09-2025
RAJASTHAN,BIKANER F AND V,CAPSICUM,"2,980","3,000","3,000",10-09-2025
RAJASTHAN,BIKANER F AND V,RADDISH,"1,380","1,390","1,400",10-09-2025
RAJASTHAN,BIKANER F AND V,SPINACH (PALAK),"1,480","1,500","1,500",10-09-2025
RAJASTHAN,NAWALGARH,BAJRA,"2,300","2,300","2,300",10-09-2025
RAJASTHAN,PRATAPGARH RJ,CHANA (BENGAL GRAM),"4,000","5,266","5,300",10-09-2025
RAJASTHAN,SIKAR,GARLIC,"5,000","6,000","6,000",10-09-2025
TAMIL NADU,CHETPET,GROUNDNUT KERNEL_80 KG(TN),"5,154","9,462","9,462",10-09-2025
TAMIL NADU,EDAPPADI,COTTON,"4,599","4,691","5,669",10-09-2025
TAMIL NADU,GUDIYATHAM,PADDY RNR (TN),"2,134","2,134","2,134",10-09-2025
TAMIL NADU,KONGANAPURAM,COPRA,"11,516","24,037","24,459",10-09-2025
TAMIL NADU,TINDIVANAM,GREEN GRAM,"5,200","6,607","6,910",10-09-2025
TAMIL NADU,VIKIRAVANDI,PADDY(75 KG),"1,710","1,747","1,747",10-09-2025
TELANGANA,DEVARAKADRA,PADDY-HAMSA,"1,701","1,701","1,701",10-09-2025
TELANGANA,HYDERABAD,CHILLI-273,"13,000","15,000","15,000",10-09-2025
UTTAR PRADESH,HASANPUR APMC,LEMON,"3,000","3,000","3,000",10-09-2025
UTTAR PRADESH,HATHRAS,BRINJAL,820,950,950,10-09-2025
UTTAR PRADESH,KHALILABAD,BITTER GOURD,"1,500","1,500","1,500",10-09-2025
UTTAR PRADESH,KHALILABAD,CUCUMBER,"1,550","1,550","1,550",10-09-2025
UTTAR PRADESH,KHALILABAD,POINTED GOURD (PARWAL),"1,600","1,600","1,600",10-09-2025
UTTAR PRADESH,POWAYAN,PUMPKIN,"1,200","1,200","1,200",10-09-2025
UTTAR PRADESH,RAE BARELI,BITTER GOURD,"1,000","1,000","1,000",10-09-2025
UTTAR PRADESH,SAMBHAL APMC,ARBI (COLACASIA),"1,400","1,400","1,400",10-09-2025
UTTAR PRADESH,SHAGANJ,BOTTLE GOURD,"1,525","1,525","1,525",10-09-2025
UTTARAKHAND,BHAGWANPUR,CUCUMBER,700,700,"1,500",10-09-2025
UTTARAKHAND,BHAGWANPUR,TOMATO,700,700,700,10-09-2025
UTTARAKHAND,MANGLOUR,CUCUMBER,"1,010","1,010","1,010",10-09-2025
UTTARAKHAND,RAMNAGAR,ONION RED,"1,500","1,500","1,500",10-09-2025
UTTARAKHAND,ROORKEE,LEMON,"1,500","1,500","1,500",10-09-2025
UTTARAKHAND,ROORKEE,RADDISH,"1,000","1,000","1,000",10-09-2025
UTTARAKHAND,ROORKEE,BANANA,"1,050","1,050","1,050",10-09-2025
UTTARAKHAND,ROORKEE,CAULIFLOWER,"1,500","1,500","1,500",10-09-2025
UTTARAKHAND,RUDRAPUR,RIDGE GOURD (TURAI),"1,600","1,600","1,600",10-09-2025
WEST BENGAL,BISHNUPUR,LADY FINGER,"3,800","3,800","3,800",10-09-2025
WEST BENGAL,SAMSHERGANJ KRISHAK BAZAR,PUMPKIN,"1,425","1,425","1,425",10-09-2025
CHHATTISGARH,RAJNANDGAON,URAD (BLACK GRAM),"5,000","5,500","5,500",10-09-2025
CHHATTISGARH,RAJNANDGAON,FIELDGRAM,"7,000","7,000","7,000",10-09-2025
GUJARAT,BARDOLI APMC,BRINJAL,"2,650","2,800","2,800",10-09-2025
GUJARAT,BILIMORA,CAULIFLOWER,"3,750","4,000","4,000",10-09-2025
GUJARAT,NAVSARI APMC,BOTTLE GOURDE,"3,100","3,100","3,100",10-09-2025
GUJARAT,SONGADH APMC,BHINDI (LADIES FINGER),"3,100","3,245","3,360",10-09-2025
HARYANA,BARWALA HISAR,SWEET LEMON (MOSAMBI),"4,000","4,000","4,000",10-09-2025
HARYANA,BARWALA PANCHKULA APMC,BRINJAL,"2,500","2,500","3,000",10-09-2025
HARYANA,BARWALA PANCHKULA APMC,GREEN CHILLI,"3,000","3,000","3,000",10-09-2025
HARYANA,BARWALA PANCHKULA APMC,PUMPKIN,"1,500","1,500","1,500",10-09-2025
HARYANA,DABWALI,BANANA,"1,600","2,000","2,000",10-09-2025
HARYANA,DABWALI,MOUSAMBI,"2,500","4,000","4,255",10-09-2025
HARYANA,ELLANABAD,TINDA,"2,000","2,000","4,000",10-09-2025
HARYANA,ELLANABAD,GUAVA,"2,500","4,500","4,500",10-09-2025
HARYANA,FEROZPUR JHIRKA APMC,LADY FINGER,"2,000","2,000","2,200",10-09-2025
HARYANA,GURGAON,CARROT,"1,358","1,358","1,358",10-09-2025
HARYANA,HANSI,LEMON,"3,000","3,000","5,000",10-09-2025
HARYANA,KANINA APMC,WHEAT,"2,520","2,520","2,520",10-09-2025
HARYANA,PUNDRI,LADY FINGER,"2,200","2,500","2,500",10-09-2025
HARYANA,PUNDRI,APPLE,"5,100","5,200","5,500",10-09-2025
HARYANA,PUNDRI,CAULIFLOWER,"1,500","2,500","3,500",10-09-2025
HARYANA,SIRSA,SPONGE GOURD,"2,700","2,800","2,800",10-09-2025
HARYANA,SIRSA,BRINJAL,"2,200","2,200","2,200",10-09-2025
HARYANA,THANESAR,GINGER,"4,000","4,500","5,000",10-09-2025
HIMACHAL PRADESH,DHARAMSHALA,TOMATO,"3,000","3,000","3,000",10-09-2025
HIMACHAL PRADESH,DHARAMSHALA,ONION,"2,500","2,500","2,500",10-09-2025
HIMACHAL PRADESH,PALAMPUR,CABBAGE,"3,000","3,000","3,000",10-09-2025
HIMACHAL PRADESH,UNA,TOMATO,"4,000","4,000","4,000",10-09-2025
JAMMU AND KASHMIR,KATHUA,PEAR,"6,000","6,000","6,000",10-09-2025
JAMMU AND KASHMIR,UDHAMPUR,BOTTLE GOURD,"3,200","3,200","3,200",10-09-2025
JAMMU AND KASHMIR,UDHAMPUR,BITTER GOURD,"3,300","3,300","3,300",10-09-2025
MAHARASHTRA,BEED,SOYA WHITE,"4,170","4,170","4,170",10-09-2025
NAGALAND,LONGLENG,BANANA,"4,500","4,500","4,500",10-09-2025
ODISHA,BALUGAON,LOBIA LOCAL,"2,650","2,650","2,650",10-09-2025
ODISHA,DEOGARH,TOMATO,"4,500","4,500","4,500",10-09-2025
ODISHA,JUNAGARH,LADY FINGER,"2,500","2,500","2,500",10-09-2025
ODISHA,KHARIAR ROAD,BITTER GOURD,"2,500","2,500","2,500",10-09-2025
ODISHA,RAIRAKHOL,ONION,"2,000","2,000","2,000",10-09-2025
PUDUCHERRY,THATTANCHAVADY,HORSEGRAM,"3,700","3,700","3,800",10-09-2025
RAJASTHAN,AJMER F AND V,RIDGE GOURD (TURAI),"2,600","2,606","2,614",10-09-2025
RAJASTHAN,ALWAR,BARLEY (JAU),"2,050","2,050","2,050",10-09-2025
RAJASTHAN,BIJAY NAGAR,LEMON,"1,500","1,500","1,500",10-09-2025
RAJASTHAN,BIKANER F AND V,BRINJAL,"1,900","1,900","1,950",10-09-2025
RAJASTHAN,BIKANER F AND V,CORIANDER LEAVES,"3,460","3,500","3,500",10-09-2025
RAJASTHAN,CHOMU F AND V,GINGER,"5,015","5,015","6,515",10-09-2025
RAJASTHAN,KISHANGARH RENWAL,MOONG WHOLE (GREEN GRAM),"6,500","6,500","6,500",10-09-2025
RAJASTHAN,MALPURA,BARLEY (JAU),"2,146","2,170","2,170",10-09-2025
RAJASTHAN,RANIWARA,CASTOR SEED,"6,200","6,200","6,200",10-09-2025
TAMIL NADU,CONNOOR,RADDISH,300,300,300,10-09-2025
TAMIL NADU,VIRUDHACHALAM,COPRA_80 KG(TN),"20,499","21,137","22,374",10-09-2025
TELANGANA,TIRUMALGIRI,GROUND NUT,"5,600","6,100","6,800",10-09-2025
UTTAR PRADESH,CHANDPUR,TOMATO,"2,050","2,050","2,050",10-09-2025
UTTAR PRADESH,HATHRAS,BOTTLE GOURD,820,950,"1,020",10-09-2025
UTTAR PRADESH,JAUNPUR APMC,PUMPKIN,"1,440","1,440","1,440",10-09-2025
UTTAR PRADESH,PALIA KALAN,GREEN CHILLI,"3,000","3,000","3,001",10-09-2025
UTTAR PRADESH,POWAYAN,BANANA,700,700,700,10-09-2025
UTTAR PRADESH,SHAGANJ,LOBIA,"2,880","2,880","2,880",10-09-2025
UTTARAKHAND,RAMNAGAR,CAULIFLOWER,"2,500","2,500","2,500",10-09-2025
UTTARAKHAND,ROORKEE,CAPSICUM,"1,500","1,500","1,500",10-09-2025
UTTARAKHAND,ROORKEE,BEANS -CLUSTER,"1,200","1,200","1,200",10-09-2025
UTTARAKHAND,RUDRAPUR,LADY FINGER,"1,400","1,400","1,400",10-09-2025
WEST BENGAL,BISHNUPUR,BRINJAL-HYBRID,"4,000","4,000","4,000",10-09-2025
WEST BENGAL,BISHNUPUR,PUMPKIN,"2,500","2,500","2,500",10-09-2025
WEST BENGAL,GANGARAMPUR,BITTER GOURD,"3,815","3,815","3,815",10-09-2025
WEST BENGAL,KALNA SUB MARKET YARD,CUCUMBER,"3,000","3,000","3,000",10-09-2025
GUJARAT,BILIMORA,BOTTLE GOURDE,"2,750","3,000","3,250",10-09-2025
HARYANA,BARWALA HISAR,RIDGE GOURD (TURAI),"5,500","5,500","6,000",10-09-2025
HARYANA,BARWALA HISAR,LADY FINGER,"5,000","5,000","5,500",10-09-2025
HARYANA,BARWALA PANCHKULA APMC,BOTTLE GOURD,"2,500","3,000","3,000",10-09-2025
HARYANA,CH DADRI,CAULIFLOWER,"5,000","5,000","5,000",10-09-2025
HARYANA,CHHACHHRAULI,BOTTLE GOURD,"1,700","2,000","3,000",10-09-2025
HARYANA,CHHACHHRAULI,RIDGE GOURD (TURAI),"1,400","2,000","2,000",10-09-2025
HARYANA,DABWALI,PUMPKIN,"1,500","1,500","4,000",10-09-2025
HARYANA,DABWALI,CUCUMBER,"1,200","2,500","2,500",10-09-2025
HARYANA,DABWALI,LADY FINGER,"1,900","4,500","4,500",10-09-2025
HARYANA,ELLANABAD,PUMPKIN,"1,000","1,000","1,200",10-09-2025
HARYANA,GURGAON,RADDISH,"1,955","1,955","1,955",10-09-2025
HARYANA,GURGAON,MOUSAMBI,"4,500","4,500","4,500",10-09-2025
HARYANA,GURGAON,PUMPKIN,"1,255","1,255","1,255",10-09-2025
HARYANA,HANSI,GARLIC,"6,000","6,000","8,000",10-09-2025
HARYANA,HANSI,RIDGE GOURD (TURAI),"3,800","4,000","4,000",10-09-2025
HARYANA,NARAINGARH APMC,CAULIFLOWER,"2,500","2,500","4,000",10-09-2025
HARYANA,PUNDRI,SWEET LEMON (MOSAMBI),"3,200","3,500","3,500",10-09-2025
HARYANA,SHAHZADPUR APMC,TOMATO,"1,000","2,000","2,600",10-09-2025
HARYANA,SIRSA,MAIZE,"2,600","2,600","2,700",10-09-2025
HARYANA,SIRSA,BITTER GOURD,"2,600","2,600","2,600",10-09-2025
HARYANA,SOHNA,CHILLI-DESI,"3,000","3,000","4,500",10-09-2025
HIMACHAL PRADESH,BANDROL,POMEGRANATE,"3,400","3,400","3,800",10-09-2025
HIMACHAL PRADESH,HAMIRPUR,BOTTLE GOURD,"4,800","4,800","5,250",10-09-2025
HIMACHAL PRADESH,HAMIRPUR,LADY FINGER,"4,500","5,550","5,550",10-09-2025
HIMACHAL PRADESH,HAMIRPUR,BRINJAL,"4,000","5,250","5,250",10-09-2025
HIMACHAL PRADESH,SANTOSHGARH,SQUASH,"1,600","1,700","1,700",10-09-2025
HIMACHAL PRADESH,UNA,BOTTLE GOURD,"3,000","5,000","5,000",10-09-2025
JAMMU AND KASHMIR,KATHUA,MOUSAMBI,"5,000","5,000","5,000",10-09-2025
JAMMU AND KASHMIR,PHALAYANA,APPLE-RED GOLDEN SMALL,"6,500","6,500","6,500",10-09-2025
MADHYA PRADESH,BINA,URAD (BLACK GRAM),"3,700","4,250","4,250",10-09-2025
MADHYA PRADESH,GADARWARA,SOYABEANS,"4,203","4,261","4,363",10-09-2025
MAHARASHTRA,JALGAON,CHANA,"5,305","5,305","5,305",10-09-2025
MAHARASHTRA,VANI,MOONG WHOLE (GREEN GRAM),"5,500","5,500","5,500",10-09-2025
MAHARASHTRA,VANI,CHANA (BENGAL GRAM),"4,970","4,970","4,970",10-09-2025
ODISHA,DEOGARH,PAPAYA,"1,450","1,450","1,450",10-09-2025
ODISHA,DEOGARH,BRINJAL,"4,400","4,400","4,400",10-09-2025
ODISHA,DEOGARH,POINTED GOURD (PARWAL),"5,500","5,500","5,500",10-09-2025
ODISHA,JAGATSINGHPUR,BRINJAL,"4,800","4,800","4,800",10-09-2025
ODISHA,JUNAGARH,BRINJAL-HYBRID,"1,600","1,600","1,600",10-09-2025
ODISHA,JUNAGARH,POINTED GOURD (PARWAL),"2,200","2,200","2,200",10-09-2025
RAJASTHAN,AABU ROAD,PAPAYA,"2,400","2,400","2,400",10-09-2025
RAJASTHAN,BARMER,APPLE,"14,045","14,045","14,045",10-09-2025
RAJASTHAN,BHINMAL,RIDGE GOURD (TURAI),"1,500","1,500","1,500",10-09-2025
RAJASTHAN,BIKANER F AND V,ARBI (COLACASIA),"1,490","1,500","1,500",10-09-2025
RAJASTHAN,CHOTTISADRI,CHANA GRAM,"5,521","5,521","5,521",10-09-2025
RAJASTHAN,GAJSINGHPUR,CHANA,"5,296","5,561","5,561",10-09-2025
RAJASTHAN,JAITSAR,MUSTARD,"6,485","6,485","6,485",10-09-2025
RAJASTHAN,NIWAI,GROUND NUT,"4,400","4,400","4,500",10-09-2025
RAJASTHAN,RAJSAMAND,CORIANDER LEAVES,"2,300","2,300","2,400",10-09-2025
RAJASTHAN,RAWLA,GUAR SEEDS,"4,465","4,645","4,645",10-09-2025
RAJASTHAN,SIKAR,CORIANDER,"7,000","7,000","7,500",10-09-2025
RAJASTHAN,UDAIPUR F AND V,CARROT,"2,000","2,000","2,000",10-09-2025
TELANGANA,DEVARAKADRA,CASTOR SEED,"5,859","5,859","5,859",10-09-2025
TELANGANA,VIKARABAD,TURMERIC FINGER,"6,566","9,402","9,402",10-09-2025
UTTAR PRADESH,JAUNPUR APMC,BRINJAL,"1,790","1,790","1,790",10-09-2025
UTTAR PRADESH,POWAYAN,CAULIFLOWER,"1,300","1,300","1,300",10-09-2025
UTTAR PRADESH,PRATAPGARH,BOTTLE GOURD,"1,600","1,600","1,600",10-09-2025
UTTAR PRADESH,SADABAD APMC,BOTTLE GOURD,"1,952","1,953","1,953",10-09-2025
UTTAR PRADESH,SADABAD APMC,BRINJAL-HYBRID,"1,952","1,953","1,953",10-09-2025
UTTAR PRADESH,SADABAD APMC,PUMPKIN,"1,202","1,202","1,203",10-09-2025
UTTAR PRADESH,SANDILA APMC,PUMPKIN,"1,000","1,000","1,000",10-09-2025
UTTARAKHAND,KASHIPUR,CABBAGE,"1,300","1,300","1,300",10-09-2025
UTTARAKHAND,KHATIMA,PUMPKIN,850,850,850,10-09-2025
UTTARAKHAND,KHATIMA,BOTTLE GOURD,"1,500","1,500","1,500",10-09-2025
UTTARAKHAND,RAMNAGAR,BOTTLE GOURD,"1,300","1,300","1,600",10-09-2025
UTTARAKHAND,RUDRAPUR,BRINJAL,"1,700","1,700","1,700",10-09-2025
UTTARAKHAND,RUDRAPUR,TOMATO,"1,600","1,800","1,800",10-09-2025
UTTARAKHAND,SITARGANJ,BRINJAL,"1,000","1,200","1,200",10-09-2025
WEST BENGAL,BISHNUPUR,CUCUMBER,"2,000","2,000","2,000",10-09-2025
WEST BENGAL,DHUPGURI PRINCIPAL MARKET YARD,RADDISH,"1,700","1,700","1,700",10-09-2025
WEST BENGAL,DHUPGURI PRINCIPAL MARKET YARD,BRINJAL,"1,400","1,400","1,400",10-09-2025
WEST BENGAL,DHUPGURI PRINCIPAL MARKET YARD,LADY FINGER,"2,500","2,500","2,500",10-09-2025
WEST BENGAL,DHUPGURI PRINCIPAL MARKET YARD,RIDGE GOURD (TURAI),"1,800","1,800","1,800",10-09-2025
WEST BENGAL,GANGARAMPUR,RIDGE GOURD (TURAI),"3,420","3,420","3,420",10-09-2025
WEST BENGAL,KALNA SUB MARKET YARD,GREEN CHILLI,"8,000","8,000","8,000",10-09-2025
WEST BENGAL,SAMSHERGANJ KRISHAK BAZAR,BRINJAL,"3,500","3,500","3,500",10-09-2025
CHHATTISGARH,RAJNANDGAON,PADDY-HMT,"2,197","2,197","2,197",10-09-2025
GUJARAT,BILIMORA,BHINDI (LADIES FINGER),"3,000","3,500","3,500",10-09-2025
GUJARAT,DEVGADHBARIA APMC,PADDY LOCAL,"1,525","1,525","1,550",10-09-2025
GUJARAT,DHARI,WHEAT,"2,710","2,775","2,775",10-09-2025
GUJARAT,MORBI,CUMMIN,"17,700","17,700","17,900",10-09-2025
GUJARAT,NAVSARI APMC,CUCUMBER,"2,300","2,300","2,300",10-09-2025
GUJARAT,NAVSARI APMC,BITTER GOURD,"3,300","3,300","3,300",10-09-2025
HARYANA,BARWALA PANCHKULA APMC,LADY FINGER,"3,000","3,000","3,000",10-09-2025
HARYANA,CH DADRI,ARBI (COLACASIA),"3,000","3,000","3,000",10-09-2025
HARYANA,DABWALI,BEANS -CLUSTER,"3,000","5,000","5,000",10-09-2025
HARYANA,ELLANABAD,BITTER GOURD,"2,500","2,500","4,100",10-09-2025
HARYANA,ELLANABAD,CAULIFLOWER,"3,000","3,000","5,100",10-09-2025
HARYANA,FEROZPUR JHIRKA APMC,BITTER GOURD,"2,000","2,000","2,000",10-09-2025
HARYANA,FEROZPUR JHIRKA APMC,CAULIFLOWER,"4,000","4,000","4,000",10-09-2025
HARYANA,GURGAON,SPINACH (PALAK),"1,358","1,358","1,358",10-09-2025
HARYANA,NARAINGARH APMC,CUCUMBER,"1,500","1,500","3,000",10-09-2025
HARYANA,NARAINGARH APMC,BOTTLE GOURDE,"1,200","2,500","2,500",10-09-2025
HARYANA,NARAINGARH APMC,RIDGE GOURD (TURAI),"1,000","1,000","4,000",10-09-2025
HARYANA,PANIPAT,PINE APPLE,"2,100","2,150","2,150",10-09-2025
HARYANA,PUNDRI,GUAVA,"1,000","1,000","1,100",10-09-2025
HARYANA,SADHAURA APMC,APPLE,"2,700","2,700","6,000",10-09-2025
HARYANA,SADHAURA APMC,CHILLI BADIGA,"3,000","3,000","3,000",10-09-2025
HARYANA,SADHAURA APMC,BOTTLE GOURD,"2,000","2,500","2,500",10-09-2025
HARYANA,SIRSA,GRAPES,"11,000","11,000","12,500",10-09-2025
HARYANA,SOHNA,BOTTLE GOURD,"2,000","2,000","2,800",10-09-2025
HARYANA,SOHNA,RADDISH,"2,200","2,200","3,000",10-09-2025
HIMACHAL PRADESH,KANGRA,POMEGRANATE,"7,500","7,500","7,500",10-09-2025
HIMACHAL PRADESH,MANDI,BRINJAL,"3,000","3,000","3,000",10-09-2025
HIMACHAL PRADESH,PALAMPUR,BHINDI (LADIES FINGER),"5,000","5,000","5,000",10-09-2025
HIMACHAL PRADESH,PALAMPUR,CAULIFLOWER,"6,000","6,000","6,000",10-09-2025
JAMMU AND KASHMIR,BUMHAMA,WALNUT_KERNEL,"60,000","60,000","60,000",10-09-2025
JAMMU AND KASHMIR,KATHUA,POMEGRANATE,"9,000","9,000","9,000",10-09-2025
JAMMU AND KASHMIR,NARWAL,PEAR,"7,000","7,000","7,000",10-09-2025
JAMMU AND KASHMIR,PHALAYANA,LADY FINGER,"5,500","5,500","5,500",10-09-2025
MAHARASHTRA,MANORA,SESAME SEED,"9,400","9,400","9,400",10-09-2025
MAHARASHTRA,MANORA,GROUND NUT,"5,191","5,191","5,191",10-09-2025
MAHARASHTRA,WARDHA,WHEAT,"2,590","2,590","2,590",10-09-2025
ODISHA,BALUGAON,COLOCASIA VEGETABLE,"2,300","2,450","2,450",10-09-2025
ODISHA,DEOGARH,CARROT,"5,500","5,500","5,500",10-09-2025
ODISHA,DEOGARH,CUCUMBER,"3,800","3,800","3,800",10-09-2025
ODISHA,DEOGARH,PUMPKIN,"2,300","2,300","2,300",10-09-2025
ODISHA,DEOGARH,BANANA,"1,550","1,550","1,550",10-09-2025
ODISHA,DEOGARH,CABBAGE,"4,500","4,500","4,500",10-09-2025
ODISHA,DEOGARH,CAULIFLOWER,"4,500","4,500","4,500",10-09-2025
ODISHA,JAGATSINGHPUR,RIDGE GOURD (TURAI),"3,200","3,200","3,200",10-09-2025
ODISHA,KHARIAR ROAD,POINTED GOURD (PARWAL),"2,500","2,500","2,500",10-09-2025
ODISHA,RAIRAKHOL,BEANS -CLUSTER,"3,000","3,000","3,000",10-09-2025
ODISHA,RAIRAKHOL,LOBIA PODS,"2,800","2,800","2,800",10-09-2025
ODISHA,RAIRAKHOL,RIDGE GOURD (TURAI),"1,700","1,700","1,700",10-09-2025
PUDUCHERRY,THATTANCHAVADY,PADDY- NLR(TN),"1,812","1,812","1,812",10-09-2025
PUDUCHERRY,THATTANCHAVADY,PADDY CO 51(TN),"1,895","1,895","1,895",10-09-2025
RAJASTHAN,AABU ROAD,SPRING ONION,"2,400","2,400","2,400",10-09-2025
RAJASTHAN,BANDIKUI,TARAMIRA,"5,300","5,300","5,300",10-09-2025
RAJASTHAN,BARMER,PINE APPLE,"4,040","4,040","4,040",10-09-2025
RAJASTHAN,BARMER,BITTER GOURD,"3,430","3,430","3,430",10-09-2025
RAJASTHAN,BHAWANI MANDI,LINSEED,"6,800","6,800","6,800",10-09-2025
RAJASTHAN,BHINMAL,CAULIFLOWER,700,700,700,10-09-2025
RAJASTHAN,BIKANER F AND V,PEAR,"2,000","2,000","2,000",10-09-2025
RAJASTHAN,BIKANER F AND V,KIWI FRUIT,"2,900","3,000","3,000",10-09-2025
RAJASTHAN,BIKANER F AND V,WATER MELON,"2,180","2,200","2,200",10-09-2025
RAJASTHAN,BIKANER F AND V,SPRING ONION,950,960,"1,000",10-09-2025
RAJASTHAN,CHOTTISADRI,BARLEY (JAU),"2,440","2,440","2,440",10-09-2025
RAJASTHAN,GOLUWALA,CHANA,"5,499","5,674","5,674",10-09-2025
RAJASTHAN,HANUMANGARH TOWN,MOONG WHOLE (GREEN GRAM),"4,551","4,551","4,551",10-09-2025
RAJASTHAN,JALORE,BITTER GOURD,"1,500","1,700","2,800",10-09-2025
RAJASTHAN,JALORE,BEANS -CLUSTER,"7,000","7,000","7,000",10-09-2025
RAJASTHAN,JALORE,CUCUMBER,"2,000","2,800","2,800",10-09-2025
RAJASTHAN,JHUNJHUNU,BENGAL GRAM LOCAL,"5,800","5,800","5,800",10-09-2025
RAJASTHAN,KOTPUTLI,WHEAT,"2,600","2,600","2,600",10-09-2025
RAJASTHAN,NAWALGARH,BARLEY (JAU),"2,200","2,200","2,200",10-09-2025
RAJASTHAN,NOKHA,CUMMIN,"18,500","18,500","18,500",10-09-2025
RAJASTHAN,PILIBANGA,MOONG WHOLE (GREEN GRAM),"4,300","4,300","4,300",10-09-2025
RAJASTHAN,RAJSAMAND,BRINJAL,"1,700","1,700","1,800",10-09-2025
RAJASTHAN,SIKAR,LEMON,"3,700","3,800","3,800",10-09-2025
RAJASTHAN,SIKAR,PAPAYA,"2,000","2,000","2,000",10-09-2025
RAJASTHAN,UDAIPUR F AND V,JACK FRUIT,"2,000","2,000","2,000",10-09-2025
TAMIL NADU,ANNUR,COPRA,"15,000","24,140","24,916",10-09-2025
TAMIL NADU,AVALURPET,RAGI-LOCAL,"3,429","3,529","3,529",10-09-2025
TAMIL NADU,GINGEE,CUMBU-HYBRID,"2,700","2,700","2,700",10-09-2025
TAMIL NADU,THIRUKOVILUR,RAGI,"3,398","3,398","3,398",10-09-2025
TAMIL NADU,THIRUMANGALAM,BAJRA,"3,600","3,600","3,600",10-09-2025
TAMIL NADU,VANIYAMBADI,HORSEGRAM,"3,550","3,550","3,550",10-09-2025
TELANGANA,HYDERABAD,CHILLI-SUPER10,"12,000","14,800","15,000",10-09-2025
TELANGANA,VIKARABAD,TURMERIC BULB,"7,009","9,111","9,111",10-09-2025
TELANGANA,WARANGAL,MAIZE LOCAL,"2,212","2,212","2,212",10-09-2025
TELANGANA,ZAHEERABAD,JOWAR-WHITE,"2,067","2,067","2,111",10-09-2025
UTTAR PRADESH,BALRAMPUR APMC,CUCUMBER,"1,500","1,500","1,500",10-09-2025
UTTAR PRADESH,BARABANKI,BRINJAL,"1,790","1,790","1,790",10-09-2025
UTTAR PRADESH,GOLAGOKARNATH,BRINJAL,800,800,800,10-09-2025
UTTAR PRADESH,HAPUR,BOTTLE GOURD,900,900,900,10-09-2025
UTTAR PRADESH,HASANPUR APMC,GARLIC,"5,000","5,000","5,000",10-09-2025
UTTAR PRADESH,JAUNPUR APMC,GREEN CHILLI,"4,060","4,060","4,060",10-09-2025
UTTAR PRADESH,JAUNPUR APMC,SPONGE GOURD,"1,910","1,910","1,910",10-09-2025
UTTAR PRADESH,KHALILABAD,LADY FINGER,"1,500","1,500","1,500",10-09-2025
UTTAR PRADESH,KHALILABAD,RADDISH,"2,000","2,000","2,000",10-09-2025
UTTAR PRADESH,POWAYAN,ARBI (COLACASIA),"1,500","1,500","1,500",10-09-2025
UTTAR PRADESH,RASRA APMC,RADDISH,"1,500","1,500","1,500",10-09-2025
UTTAR PRADESH,RASRA APMC,BHINDI (LADIES FINGER),"1,600","1,600","1,600",10-09-2025
UTTAR PRADESH,RASRA APMC,PUMPKIN,"1,500","1,500","1,500",10-09-2025
UTTAR PRADESH,SHAGANJ,CHILLI-273 A/C,"4,075","4,075","4,075",10-09-2025
UTTAR PRADESH,SHAGANJ,SPONGE GOURD,"1,910","1,910","1,910",10-09-2025
UTTARAKHAND,KASHIPUR,GINGER,"4,300","4,300","4,300",10-09-2025
UTTARAKHAND,KASHIPUR,ARBI (COLACASIA),"2,200","2,200","2,200",10-09-2025
UTTARAKHAND,KASHIPUR,LEMON,"4,300","4,300","4,300",10-09-2025
UTTARAKHAND,KASHIPUR,POTATO,"1,200","1,200","1,200",10-09-2025
UTTARAKHAND,KASHIPUR,BRINJAL,"1,500","1,500","1,500",10-09-2025
UTTARAKHAND,KICHHA,CUCUMBER,"1,100","1,100","1,100",10-09-2025
UTTARAKHAND,KICHHA,PUMPKIN,"1,065","1,065","1,065",10-09-2025
UTTARAKHAND,KOTDWAR,BOTTLE GOURD,720,720,720,10-09-2025
UTTARAKHAND,RUDRAPUR,BOTTLE GOURD,"1,300","1,300","1,400",10-09-2025
UTTARAKHAND,RUDRAPUR,PUMPKIN,"1,500","1,500","1,650",10-09-2025
UTTARAKHAND,SITARGANJ,BOTTLE GOURD,"1,000","1,000","1,000",10-09-2025
WEST BENGAL,BISHNUPUR,RIDGE GOURD (TURAI),"3,500","3,500","3,500",10-09-2025
WEST BENGAL,GANGARAMPUR,LADY FINGER,"3,820","3,820","3,820",10-09-2025
WEST BENGAL,GANGARAMPUR,BRINJAL,"3,525","3,525","3,525",10-09-2025
WEST BENGAL,GANGARAMPUR,CUCUMBER,"3,815","3,815","3,815",10-09-2025
WEST BENGAL,SHEORAPHULI,ONION,"2,250","2,250","2,250",10-09-2025
CHHATTISGARH,BALOD,PADDY 1001,"1,941","1,941","1,941",10-09-2025
HARYANA,BARWALA HISAR,AMERICAN-COTTON,"6,200","6,200","6,200",10-09-2025
HARYANA,BARWALA PANCHKULA APMC,RIDGE GOURD (TURAI),"2,000","2,500","2,500",10-09-2025
HARYANA,CH DADRI,GINGER,"5,000","5,000","5,000",10-09-2025
HARYANA,CH DADRI,POMEGRANATE,"9,000","12,000","12,000",10-09-2025
HARYANA,CH DADRI,LADY FINGER,"4,000","4,000","4,000",10-09-2025
HARYANA,CHHACHHRAULI,PUMPKIN,"1,200","1,200","1,200",10-09-2025
HARYANA,CHHACHHRAULI,LADY FINGER,"2,000","2,800","2,800",10-09-2025
HARYANA,CHHACHHRAULI,POTATO,"1,100","1,100","1,200",10-09-2025
HARYANA,DABWALI,GREEN CHILLI,"2,000","2,400","4,000",10-09-2025
HARYANA,DABWALI,RADDISH,"2,000","2,000","2,200",10-09-2025
HARYANA,ELLANABAD,CHANA GRAM,"5,295","5,295","5,295",10-09-2025
HARYANA,ELLANABAD,LADY FINGER,"2,500","4,000","5,000",10-09-2025
HARYANA,FEROZPUR JHIRKA APMC,CUCUMBER,"1,800","1,800","2,000",10-09-2025
HARYANA,HANSI,POMEGRANATE,"10,000","10,000","14,000",10-09-2025
HARYANA,HANSI,GINGER,"6,000","7,000","7,000",10-09-2025
HARYANA,HANSI,PINE APPLE,"3,000","3,300","3,500",10-09-2025
HARYANA,NARAINGARH APMC,GINGER,"3,500","5,000","5,000",10-09-2025
HARYANA,NARAINGARH APMC,BRINJAL,"1,500","3,000","3,000",10-09-2025
HARYANA,NARAINGARH APMC,GUAVA,"1,500","1,500","4,000",10-09-2025
HARYANA,NARAINGARH APMC,CABBAGE,"1,000","2,000","2,000",10-09-2025
HARYANA,NARAINGARH APMC,COLOCASIA VEGETABLE,"1,500","1,500","2,500",10-09-2025
HARYANA,PANIPAT,LEMON,"1,000","1,000","1,000",10-09-2025
HARYANA,SADHAURA APMC,RIDGE GOURD (TURAI),"1,000","1,000","1,200",10-09-2025
HARYANA,SOHNA,BITTER GOURD,"2,500","3,000","3,000",10-09-2025
HARYANA,THANESAR,BEANS -CLUSTER,"6,000","6,000","6,000",10-09-2025
HIMACHAL PRADESH,BAIJNATH,POTATO,"2,700","2,800","2,800",10-09-2025
HIMACHAL PRADESH,BANDROL,TOMATO,"2,200","2,300","2,300",10-09-2025
HIMACHAL PRADESH,DHARAMSHALA,PUMPKIN,"2,200","2,200","2,200",10-09-2025
HIMACHAL PRADESH,HAMIRPUR,CHHAPPAN KADDU,"3,550","3,550","3,550",10-09-2025
HIMACHAL PRADESH,KANGRA,APPLE,"3,500","3,500","3,500",10-09-2025
HIMACHAL PRADESH,KANGRA,CAPSICUM,"7,500","7,500","7,500",10-09-2025
HIMACHAL PRADESH,MANDI,LADY FINGER,"4,000","4,000","4,000",10-09-2025
HIMACHAL PRADESH,UNA,CUCUMBER,"3,000","3,000","3,000",10-09-2025
JAMMU AND KASHMIR,KATHUA,APPLE-ROYAL DEL MEDIUM,"9,000","9,000","9,000",10-09-2025
JAMMU AND KASHMIR,PHALAYANA,PEAR,"4,500","4,500","4,500",10-09-2025
JAMMU AND KASHMIR,UDHAMPUR,CHILLI-DESI,"4,200","4,200","4,200",10-09-2025
MADHYA PRADESH,NEEMUCH,GUAR SEEDS,"2,000","3,500","3,500",10-09-2025
MADHYA PRADESH,VIDISHA,MUSTARD,"5,800","6,697","6,697",10-09-2025
MAHARASHTRA,UMARGA,URAD (BLACK GRAM),"3,000","3,000","4,810",10-09-2025
ODISHA,DEOGARH,SWEET CORN,"3,500","3,500","3,500",10-09-2025
ODISHA,DEOGARH,BITTER GOURD,"3,800","3,800","3,800",10-09-2025
ODISHA,DEOGARH,BOTTLE GOURD,"1,800","1,800","1,800",10-09-2025
ODISHA,JAGATSINGHPUR,POINTED GOURD (PARWAL),"5,000","5,000","5,000",10-09-2025
ODISHA,JAGATSINGHPUR,SNAKE GOURD,"3,300","3,500","3,500",10-09-2025
ODISHA,JAGATSINGHPUR,BEANS -CLUSTER,"5,500","5,500","5,500",10-09-2025
ODISHA,JAGATSINGHPUR,LOBIA PODS,"5,500","5,500","5,500",10-09-2025
ODISHA,RAIRAKHOL,GREEN CHILLI,"4,200","4,200","4,200",10-09-2025
RAJASTHAN,AABU ROAD,LADY FINGER,"2,000","2,000","2,000",10-09-2025
RAJASTHAN,AABU ROAD,TOMATO,"2,600","2,600","2,600",10-09-2025
RAJASTHAN,AABU ROAD,BRINJAL,"3,900","3,900","3,900",10-09-2025
RAJASTHAN,BARMER,CAULIFLOWER,"3,332","3,332","3,332",10-09-2025
RAJASTHAN,BIKANER F AND V,SWEET CORN,990,"1,000","1,000",10-09-2025
RAJASTHAN,BIKANER F AND V,PINE APPLE,"4,990","4,990","5,000",10-09-2025
RAJASTHAN,BIKANER F AND V,GINGER,"3,950","3,950","4,000",10-09-2025
RAJASTHAN,DEI,URAD (BLACK GRAM),"5,411","5,555","5,555",10-09-2025
RAJASTHAN,GAJSINGHPUR,GUAR SEEDS,"4,500","4,500","4,670",10-09-2025
RAJASTHAN,JALORE,TINDA,"2,400","2,500","2,500",10-09-2025
RAJASTHAN,JALORE,SPRING ONION,"1,200","2,800","2,800",10-09-2025
RAJASTHAN,KEKRI,MAIZE,"2,302","2,525","2,525",10-09-2025
RAJASTHAN,KHAIRTHAL,ARHAR WHOLE / TUR (RED GRAM),"4,100","4,100","4,100",10-09-2025
RAJASTHAN,NIMBAHERA,ISABGOL,"7,000","7,000","7,000",10-09-2025
RAJASTHAN,NIWAI,BARLEY (JAU),"2,310","2,310","2,310",10-09-2025
RAJASTHAN,PILIBANGA,COTTON,"6,511","6,511","6,511",10-09-2025
RAJASTHAN,SIKAR,ARBI (COLACASIA),"2,800","2,800","2,800",10-09-2025
TAMIL NADU,CHETPET,URAD (BLACK GRAM),"6,000","6,656","6,669",10-09-2025
TAMIL NADU,CHEYYAR,GROUNDNUT KERNEL_80 KG(TN),"9,624","9,662","9,662",10-09-2025
TAMIL NADU,MANAMADURAI,TAMARIND SEED LOCAL,"2,500","2,500","2,500",10-09-2025
TAMIL NADU,PANRUTI,RAGI,"3,572","3,572","3,572",10-09-2025
TAMIL NADU,THALAVADI,ARECA NUT (BETEL NUT),"6,500","16,500","18,000",10-09-2025
TAMIL NADU,ULUNDURPETTAI,COPRA_80 KG(TN),"21,124","21,374","22,222",10-09-2025
TAMIL NADU,VANDAVASI,COPRA,"13,632","16,539","17,111",10-09-2025
TAMIL NADU,VIKIRAVANDI,MILLET,"2,801","3,060","3,340",10-09-2025
TELANGANA,KESAMUDRAM,TURMERIC FINGER,"8,851","8,851","8,851",10-09-2025
UTTAR PRADESH,HATHRAS,PUMPKIN,"1,120","1,120","1,120",10-09-2025
UTTAR PRADESH,HATHRAS,CUCUMBER,930,"1,120","1,120",10-09-2025
UTTAR PRADESH,JAUNPUR APMC,LOBIA,"2,870","2,870","2,870",10-09-2025
UTTAR PRADESH,SADABAD APMC,TOMATO,"5,202","5,202","5,202",10-09-2025
UTTAR PRADESH,SAMBHAL APMC,CAULIFLOWER,"2,800","2,800","2,800",10-09-2025
UTTAR PRADESH,SHAGANJ,BRINJAL,"1,780","1,780","1,780",10-09-2025
UTTAR PRADESH,SHAHJAHANPUR,GREEN CHILLI,"2,000","2,000","2,000",10-09-2025
UTTAR PRADESH,VARANASI,LADY FINGER,"1,520","1,520","1,520",10-09-2025
UTTAR PRADESH,VARANASI,BRINJAL,"1,520","1,520","1,520",10-09-2025
UTTARAKHAND,KASHIPUR,BANANA,"2,200","2,200","2,200",10-09-2025
UTTARAKHAND,KASHIPUR,MANGO,"2,300","2,300","2,300",10-09-2025
UTTARAKHAND,RAMNAGAR,GINGER,"5,000","5,000","5,000",10-09-2025
UTTARAKHAND,RAMNAGAR,CABBAGE,"1,500","1,500","1,500",10-09-2025
UTTARAKHAND,RISHIKESH,CAULIFLOWER,"2,865","2,975","2,975",10-09-2025
UTTARAKHAND,RISHIKESH,RIDGE GOURD (TURAI),"1,285","1,285","1,285",10-09-2025
WEST BENGAL,BISHNUPUR,BITTER GOURD,"4,200","4,200","4,200",10-09-2025
WEST BENGAL,JIYAGANJ KRISHAK BAZAR,PAPAYA,"1,300","1,300","1,300",10-09-2025
WEST BENGAL,SAMSHERGANJ KRISHAK BAZAR,TOMATO,"3,250","3,250","3,250",10-09-2025
WEST BENGAL,SAMSHERGANJ KRISHAK BAZAR,POINTED GOURD (PARWAL),"3,750","3,750","3,750",10-09-2025
GUJARAT,BILIMORA,BEANS -CLUSTER,"5,000","5,750","5,750",10-09-2025
GUJARAT,BILIMORA,TOMATO,"2,500","2,500","2,500",10-09-2025
GUJARAT,MORBI,WHITE-GINGELY,"10,100","10,100","10,100",10-09-2025
HARYANA,BARWALA HISAR,PUMPKIN,"1,500","1,500","1,500",10-09-2025
HARYANA,CH DADRI,BITTER GOURD,"4,000","4,000","4,000",10-09-2025
HARYANA,CH DADRI,RADDISH,"3,000","3,000","3,000",10-09-2025
HARYANA,CH DADRI,CAPSICUM,"6,000","6,000","6,000",10-09-2025
HARYANA,CHHACHHRAULI,ONION,"1,900","2,000","2,500",10-09-2025
HARYANA,CHHACHHRAULI,TOMATO,"2,700","3,300","3,900",10-09-2025
HARYANA,CHHACHHRAULI,COLOCASIA VEGETABLE,"1,950","2,100","2,100",10-09-2025
HARYANA,DABWALI,GARLIC,"3,000","5,000","5,000",10-09-2025
HARYANA,DABWALI,RIDGE GOURD (TURAI),"3,650","5,000","5,000",10-09-2025
HARYANA,DABWALI,GUAVA,"2,500","2,500","5,458",10-09-2025
HARYANA,DABWALI,POMEGRANATE,"14,984","14,984","14,984",10-09-2025
HARYANA,DABWALI,CABBAGE,"2,000","2,100","2,200",10-09-2025
HARYANA,ELLANABAD,GARLIC,"4,700","4,700","4,700",10-09-2025
HARYANA,ELLANABAD,SWEET LEMON (MOSAMBI),"3,000","4,000","4,000",10-09-2025
HARYANA,ELLANABAD,ARBI (COLACASIA),"2,000","3,500","3,500",10-09-2025
HARYANA,ELLANABAD,LEMON,"3,000","3,000","4,000",10-09-2025
HARYANA,FEROZPUR JHIRKA APMC,GUAVA,"1,200","1,200","1,200",10-09-2025
HARYANA,HANSI,SPINACH (PALAK),"3,000","4,000","4,000",10-09-2025
HARYANA,HANSI,CHIKOOS,"6,000","6,000","7,000",10-09-2025
HARYANA,HANSI,PEAR,"6,000","6,000","8,000",10-09-2025
HARYANA,NARAINGARH APMC,CAPSICUM,"4,000","4,000","5,000",10-09-2025
HARYANA,NARAINGARH APMC,LEMON,"3,800","3,800","3,800",10-09-2025
HARYANA,NARAINGARH APMC,POMEGRANATE,"8,000","8,000","12,000",10-09-2025
HARYANA,NARAINGARH APMC,LADY FINGER,"1,500","1,500","3,000",10-09-2025
HARYANA,NARAINGARH APMC,APPLE,"2,000","2,000","2,000",10-09-2025
HARYANA,PANIPAT,PEAS GREEN,"1,800","1,800","1,800",10-09-2025
HARYANA,PUNDRI,PEAS GREEN,"8,000","9,000","9,000",10-09-2025
HARYANA,SADHAURA APMC,BRINJAL,"1,500","1,500","2,000",10-09-2025
HARYANA,SHAHZADPUR APMC,GREEN CHILLI,"2,000","2,000","3,000",10-09-2025
HARYANA,SIRSA,GINGER,"4,500","4,500","5,500",10-09-2025
HARYANA,SIRSA,BEETROOT,"2,700","2,700","2,700",10-09-2025
HARYANA,SIRSA,BEANS -CLUSTER,"4,500","4,500","4,500",10-09-2025
HARYANA,SIRSA,CHIKOOS,"4,000","4,500","4,500",10-09-2025
HARYANA,SIRSA,PLUM,"4,000","4,000","4,000",10-09-2025
HARYANA,SOHNA,LADY FINGER,"2,000","4,000","4,000",10-09-2025
HARYANA,SOHNA,PUMPKIN,"1,400","1,400","1,500",10-09-2025
HARYANA,SOHNA,RIDGE GOURD (TURAI),"3,000","3,000","3,000",10-09-2025
HARYANA,SOHNA,CABBAGE,"2,500","3,000","3,000",10-09-2025
HARYANA,TAURU APMC,LEMON,"5,000","5,000","5,000",10-09-2025
HARYANA,TAURU APMC,CAULIFLOWER,"4,000","4,000","4,000",10-09-2025
HARYANA,TAURU APMC,MOUSAMBI,"2,300","2,300","2,300",10-09-2025
HARYANA,THANESAR,SPINACH (PALAK),"2,500","2,500","2,500",10-09-2025
HARYANA,THANESAR,SPONGE GOURD,"2,000","2,000","2,000",10-09-2025
HIMACHAL PRADESH,CHAMBA,CUCUMBER,"3,000","3,000","3,000",10-09-2025
HIMACHAL PRADESH,CHAMBA,GREEN CHILLI,"1,800","1,800","1,800",10-09-2025
HIMACHAL PRADESH,DHARAMSHALA,APPLE,"7,500","7,500","7,500",10-09-2025
HIMACHAL PRADESH,DHARAMSHALA,BOTTLE GOURDE,"6,500","6,500","6,500",10-09-2025
HIMACHAL PRADESH,HAMIRPUR,BITTER GOURD,"6,350","6,350","6,350",10-09-2025
HIMACHAL PRADESH,KANGRA,PINE APPLE,"4,500","4,500","4,500",10-09-2025
HIMACHAL PRADESH,PALAMPUR,APPLE-ROYAL DEL MEDIUM,"9,000","9,000","9,000",10-09-2025
HIMACHAL PRADESH,PALAMPUR,BRINJAL,"5,200","5,200","5,200",10-09-2025
HIMACHAL PRADESH,PALAMPUR,RADDISH,"3,500","3,500","3,500",10-09-2025
HIMACHAL PRADESH,SANTOSHGARH,BOTTLE GOURD,"3,700","3,700","3,700",10-09-2025
HIMACHAL PRADESH,UNA,LADY FINGER,"5,000","5,000","5,000",10-09-2025
JAMMU AND KASHMIR,NARWAL,LADY FINGER,"2,223","2,223","2,223",10-09-2025
MADHYA PRADESH,KHANDWA,MOONG WHOLE (GREEN GRAM),"7,051","7,051","7,150",10-09-2025
MAHARASHTRA,UMARGA,JOWAR,"2,500","2,500","2,500",10-09-2025
ODISHA,DEOGARH,CHILLIES,"5,100","5,100","5,100",10-09-2025
ODISHA,HINDOL,CAULIFLOWER,"3,000","3,000","3,000",10-09-2025
ODISHA,JAGATSINGHPUR,BITTER GOURD,"4,500","4,500","4,500",10-09-2025
ODISHA,KHARIAR ROAD,GREEN CHILLI,"4,500","4,500","4,500",10-09-2025
PUDUCHERRY,THATTANCHAVADY,URAD (BLACK GRAM),"5,888","6,399","6,399",10-09-2025
PUNJAB,MALERKOTLA,MAIZE,"2,050","2,050","2,050",10-09-2025
RAJASTHAN,AABU ROAD,SPINACH (PALAK),"5,000","5,000","5,000",10-09-2025
RAJASTHAN,BIJAY NAGAR,CHILLI-273,"2,000","2,500","2,500",10-09-2025
RAJASTHAN,BIKANER F AND V,POINTED GOURD (PARWAL),"1,000","1,000","1,000",10-09-2025
RAJASTHAN,HANUMANGARH TOWN,CHANA (BENGAL GRAM),"5,635","5,635","5,635",10-09-2025
RAJASTHAN,JALORE,CAULIFLOWER,"1,800","1,800","1,800",10-09-2025
RAJASTHAN,JALORE,GINGER,"4,000","4,500","4,500",10-09-2025
RAJASTHAN,JALORE,CAPSICUM,"2,800","4,000","4,000",10-09-2025
RAJASTHAN,SIKAR,CABBAGE,"1,700","1,700","1,700",10-09-2025
RAJASTHAN,SRI MADHOPUR,TARAMIRA,"3,600","3,600","3,600",10-09-2025
RAJASTHAN,UDAIPUR F AND V,LOBIA PODS,"3,000","3,000","3,000",10-09-2025
TAMIL NADU,ATTHUR,COPRA,"22,519","22,519","22,519",10-09-2025
TAMIL NADU,COIMBATORE,BOTTLE GOURD,"1,800","1,800","1,800",10-09-2025
TAMIL NADU,CUMBUM,GARLIC,"5,700","5,700","5,700",10-09-2025
TAMIL NADU,GOBICHETTIPALAYAM,COPRA,"23,000","23,000","23,000",10-09-2025
TAMIL NADU,KONGANAPURAM,LADY FINGER,400,400,400,10-09-2025
TAMIL NADU,PANRUTI,FOX TAIL MILLET,"3,072","3,072","3,072",10-09-2025
TAMIL NADU,PANRUTI,COTTON,"1,610","7,299","7,299",10-09-2025
TAMIL NADU,THIRUKOVILUR,COPRA_80 KG(TN),"12,874","21,452","21,874",10-09-2025
TAMIL NADU,THIYAGADURGAM,BAJRA-LOCAL,"2,801","2,801","2,801",10-09-2025
TAMIL NADU,ULUNDURPETTAI,GINGELLY_80 KG(TN),"6,749","7,399","8,874",10-09-2025
TAMIL NADU,VANDAVASI,GROUNDNUT KERNEL_80 KG(TN),"8,103","8,103","8,103",10-09-2025
TELANGANA,ZAHEERABAD,REDGRAM-RED,"5,650","5,810","5,810",10-09-2025
UTTAR PRADESH,CHANDAULI,LADY FINGER,"1,320","1,320","1,320",10-09-2025
UTTAR PRADESH,HAPUR,SPONGE GOURD,"1,300","1,300","1,300",10-09-2025
UTTAR PRADESH,SANDILA APMC,BRINJAL,"1,300","1,300","1,300",10-09-2025
UTTARAKHAND,BHAGWANPUR,BRINJAL,"1,000","1,000","1,000",10-09-2025
UTTARAKHAND,KHATIMA,LEMON,"3,200","3,200","3,200",10-09-2025
UTTARAKHAND,RAMNAGAR,PUMPKIN,"1,500","1,500","1,500",10-09-2025
UTTARAKHAND,RAMNAGAR,BANANA,"1,500","1,500","1,500",10-09-2025
UTTARAKHAND,RISHIKESH,BRINJAL,"1,455","1,475","1,475",10-09-2025
UTTARAKHAND,RISHIKESH,PUMPKIN,"1,225","1,225","1,225",10-09-2025
UTTARAKHAND,RUDRAPUR,RADDISH,"1,600","1,600","1,600",10-09-2025
UTTARAKHAND,SITARGANJ,BHINDI (LADIES FINGER),"1,200","1,200","1,200",10-09-2025
UTTARAKHAND,SITARGANJ,PUMPKIN,"1,000","1,000","1,000",10-09-2025
WEST BENGAL,JIYAGANJ KRISHAK BAZAR,LADY FINGER,"2,800","2,800","2,800",10-09-2025
WEST BENGAL,JIYAGANJ KRISHAK BAZAR,BRINJAL,"4,500","4,500","4,500",10-09-2025
WEST BENGAL,JIYAGANJ KRISHAK BAZAR,POINTED GOURD (PARWAL),"3,300","3,300","3,300",10-09-2025
WEST BENGAL,SAMSHERGANJ KRISHAK BAZAR,LADY FINGER,"1,800","1,800","1,800",10-09-2025
ANDHRA PRADESH,KURNOOL,AJWAIN,"12,212","12,212","12,212",10-09-2025
GUJARAT,JHALOD,MOONG WHOLE (GREEN GRAM),"7,500","7,500","7,500",10-09-2025
GUJARAT,VISAVADAR,WHEAT,"2,540","2,600","2,600",10-09-2025
HARYANA,BARWALA HISAR,SWEET CORN,"2,500","2,500","2,500",10-09-2025
HARYANA,BARWALA HISAR,PEAR,"5,000","5,000","5,000",10-09-2025
HARYANA,BARWALA HISAR,BITTER GOURD,"3,000","3,000","3,000",10-09-2025
HARYANA,BARWALA HISAR,BRINJAL,"3,000","3,000","3,000",10-09-2025
HARYANA,BARWALA HISAR,ARBI (COLACASIA),"3,000","3,000","3,000",10-09-2025
HARYANA,BARWALA PANCHKULA APMC,CAPSICUM,"5,000","6,000","6,000",10-09-2025
HARYANA,BARWALA PANCHKULA APMC,ARBI (COLACASIA),"2,500","2,500","2,500",10-09-2025
HARYANA,BARWALA PANCHKULA APMC,GUAVA,"1,000","1,000","1,000",10-09-2025
HARYANA,BARWALA PANCHKULA APMC,CABBAGE,"2,000","2,000","2,000",10-09-2025
HARYANA,BARWALA PANCHKULA APMC,CAULIFLOWER,"5,000","6,000","6,000",10-09-2025
HARYANA,BARWALA PANCHKULA APMC,CUCUMBER,"2,500","2,500","2,500",10-09-2025
HARYANA,CH DADRI,BRINJAL,"3,000","3,000","3,000",10-09-2025
HARYANA,CH DADRI,MAIZE,"2,500","2,500","2,500",10-09-2025
HARYANA,CH DADRI,WATER MELON,"2,500","2,500","2,500",10-09-2025
HARYANA,CH DADRI,IVY GOURD (KUNDRU),"2,500","2,500","2,500",10-09-2025
HARYANA,CH DADRI,TINDA,"4,000","4,000","4,000",10-09-2025
HARYANA,CH DADRI,BOTTLE GOURD,"2,600","2,600","2,600",10-09-2025
HARYANA,CH DADRI,GUAVA,"6,000","6,000","6,000",10-09-2025
HARYANA,CH DADRI,SPINACH (PALAK),"5,000","5,000","5,000",10-09-2025
HARYANA,CHHACHHRAULI,BRINJAL,"2,000","2,400","2,400",10-09-2025
HARYANA,DABWALI,PLUM,"5,200","5,200","5,200",10-09-2025
HARYANA,DABWALI,WATER MELON,"2,914","2,914","2,914",10-09-2025
HARYANA,DABWALI,PINE APPLE,"3,800","3,800","4,486",10-09-2025
HARYANA,DABWALI,ARBI (COLACASIA),"2,500","2,500","2,500",10-09-2025
HARYANA,DABWALI,SPINACH (PALAK),"1,550","1,550","3,000",10-09-2025
HARYANA,DABWALI,TINDA,"3,000","3,000","3,000",10-09-2025
HARYANA,ELLANABAD,PINE APPLE,"4,000","5,000","5,000",10-09-2025
HARYANA,ELLANABAD,POMEGRANATE,"12,000","13,000","13,000",10-09-2025
HARYANA,ELLANABAD,BEANS -CLUSTER,"4,000","6,000","6,000",10-09-2025
HARYANA,ELLANABAD,ORANGE,"4,000","4,000","4,000",10-09-2025
HARYANA,ELLANABAD,CABBAGE,"2,500","2,500","2,500",10-09-2025
HARYANA,FARIDABAD,WATER MELON,"2,500","2,500","2,500",10-09-2025
HARYANA,FARIDABAD,BEANS -CLUSTER,"1,200","1,200","1,200",10-09-2025
HARYANA,FARIDABAD,CHIKOOS,"3,200","3,500","3,500",10-09-2025
HARYANA,FEROZPUR JHIRKA APMC,PUMPKIN,"1,200","1,200","1,200",10-09-2025
HARYANA,FEROZPUR JHIRKA APMC,CABBAGE,"1,600","1,800","1,800",10-09-2025
HARYANA,HANSI,ARBI (COLACASIA),"2,500","2,500","2,500",10-09-2025
HARYANA,HANSI,FRENCH BEAN,"5,000","6,000","6,000",10-09-2025
HARYANA,HANSI,BEETROOT,"3,000","3,300","3,300",10-09-2025
HARYANA,HANSI,PUMPKIN,"1,000","1,000","1,000",10-09-2025
HARYANA,NARAINGARH APMC,PEAR,"3,000","3,000","3,000",10-09-2025
HARYANA,NARAINGARH APMC,RADDISH,"1,500","1,500","1,500",10-09-2025
HARYANA,PANIPAT,BITTER GOURD,700,700,700,10-09-2025
HARYANA,PANIPAT,GRAPES,"1,000","1,000","1,000",10-09-2025
HARYANA,PUNDRI,PEAR,"4,500","4,500","4,500",10-09-2025
HARYANA,PUNDRI,POMEGRANATE,"8,200","9,000","9,000",10-09-2025
HARYANA,SADHAURA APMC,LADY FINGER,"2,000","2,000","2,000",10-09-2025
HARYANA,SADHAURA APMC,CUCUMBER,"2,000","2,000","2,000",10-09-2025
HARYANA,SADHAURA APMC,PUMPKIN,"1,500","1,600","1,600",10-09-2025
HARYANA,SHAHZADPUR APMC,PEAS GREEN,"3,000","3,000","4,500",10-09-2025
HARYANA,SHAHZADPUR APMC,BRINJAL,"2,000","2,500","2,500",10-09-2025
HARYANA,SHAHZADPUR APMC,CAULIFLOWER,"3,000","3,000","3,000",10-09-2025
HARYANA,SHAHZADPUR APMC,CUCUMBER,"2,000","2,000","2,000",10-09-2025
HARYANA,SHAHZADPUR APMC,CABBAGE,"2,000","2,000","2,000",10-09-2025
HARYANA,SHAHZADPUR APMC,LEMON,"3,700","3,700","3,800",10-09-2025
HARYANA,SIRSA,RADDISH,"2,500","2,500","2,500",10-09-2025
HARYANA,SIRSA,CARROT,"2,500","2,500","3,500",10-09-2025
HARYANA,SIRSA,GARLIC,"5,000","6,500","6,500",10-09-2025
HARYANA,SIRSA,LADY FINGER,"3,200","3,200","3,200",10-09-2025
HARYANA,SIWAN,ONION,"2,100","2,100","2,100",10-09-2025
HARYANA,SOHNA,MAIZE,"1,400","1,400","1,400",10-09-2025
HARYANA,SOHNA,CAULIFLOWER,"3,500","4,000","4,000",10-09-2025
HARYANA,SOHNA,SPINACH (PALAK),"2,000","2,000","2,000",10-09-2025
HARYANA,TAURU APMC,PUMPKIN,"2,000","2,000","2,000",10-09-2025
HARYANA,TAURU APMC,GINGER,"5,000","5,000","6,000",10-09-2025
HARYANA,TAURU APMC,CABBAGE,"2,000","2,000","2,000",10-09-2025
HARYANA,THANESAR,GARLIC,"6,500","6,500","6,500",10-09-2025
HIMACHAL PRADESH,BAIJNATH,APPLE,"9,500","9,500","9,500",10-09-2025
HIMACHAL PRADESH,BAIJNATH,TOMATO,"3,300","3,400","3,400",10-09-2025
HIMACHAL PRADESH,CHAMBA,LADY FINGER,"4,500","4,500","4,500",10-09-2025
HIMACHAL PRADESH,DHARAMSHALA,LEMON,"6,000","6,000","6,000",10-09-2025
HIMACHAL PRADESH,DHARAMSHALA,CABBAGE,"3,000","3,000","3,000",10-09-2025
HIMACHAL PRADESH,DHARAMSHALA,BHINDI (LADIES FINGER),"5,000","5,000","5,000",10-09-2025
HIMACHAL PRADESH,PALAMPUR,SPONGE GOURD,"5,000","5,000","5,000",10-09-2025
HIMACHAL PRADESH,PALAMPUR,GUAVA,"6,500","6,500","6,500",10-09-2025
HIMACHAL PRADESH,SANTOSHGARH,CABBAGE,"2,900","2,900","2,900",10-09-2025
HIMACHAL PRADESH,SANTOSHGARH,LADY FINGER,"4,000","4,000","4,000",10-09-2025
HIMACHAL PRADESH,SANTOSHGARH,BITTER GOURD,"4,000","4,000","4,000",10-09-2025
HIMACHAL PRADESH,SANTOSHGARH,BRINJAL,"3,600","3,600","3,600",10-09-2025
HIMACHAL PRADESH,SANTOSHGARH,CUCUMBER,"2,400","2,400","2,400",10-09-2025
HIMACHAL PRADESH,UNA,CAPSICUM,"6,000","6,000","6,000",10-09-2025
JAMMU AND KASHMIR,NARWAL,BITTER GOURD,"3,500","3,500","3,500",10-09-2025
JAMMU AND KASHMIR,NARWAL,BRINJAL,"4,000","4,000","4,000",10-09-2025
MADHYA PRADESH,BINA,MUSTARD,"6,300","6,300","7,500",10-09-2025
MADHYA PRADESH,GOTEGAON,WHEAT,"2,601","2,601","2,601",10-09-2025
MADHYA PRADESH,NEEMUCH,RAJMA,"8,255","8,255","8,255",10-09-2025
MAHARASHTRA,JALGAON,MOONG WHOLE (GREEN GRAM),"8,000","8,000","8,000",10-09-2025
MAHARASHTRA,MANORA,JOWAR,"1,500","1,500","1,500",10-09-2025
MAHARASHTRA,NER PARASOPANT,CHANA,"5,080","5,080","5,080",10-09-2025
MAHARASHTRA,PARTUR,TUR/ARHAR-PEGION PIE,"6,100","6,100","6,100",10-09-2025
ODISHA,BALUGAON,BITTER GOURD,"3,400","3,400","3,400",10-09-2025
ODISHA,BALUGAON,GREEN CHILLI,"3,800","3,800","3,800",10-09-2025
ODISHA,HINDOL,BITTER GOURD,"4,400","4,400","4,400",10-09-2025
ODISHA,JAGATSINGHPUR,CUCUMBER,"4,500","4,500","4,500",10-09-2025
PUDUCHERRY,THATTANCHAVADY,DRY CHILLY_10 KG(TN),"6,290","6,290","9,100",10-09-2025
PUDUCHERRY,THATTANCHAVADY,PADDY(75 KG),"1,680","1,680","1,680",10-09-2025
RAJASTHAN,AABU ROAD,CABBAGE,"1,500","1,500","1,500",10-09-2025
RAJASTHAN,AABU ROAD,CUCUMBER,"4,000","4,000","4,000",10-09-2025
RAJASTHAN,AJMER F AND V,MINT LEAVES,"2,800","2,802","2,810",10-09-2025
RAJASTHAN,AJMER F AND V,RADDISH,"1,100","1,104","1,106",10-09-2025
RAJASTHAN,BANDIKUI,BARLEY (JAU),"2,315","2,315","2,315",10-09-2025
RAJASTHAN,BHAWANI MANDI,MASOOR,"7,500","7,500","7,500",10-09-2025
RAJASTHAN,BIJAY NAGAR,SWEET CORN,"2,000","2,000","2,000",10-09-2025
RAJASTHAN,BIJAY NAGAR,CORIANDAR,"1,500","2,000","2,000",10-09-2025
RAJASTHAN,BIJAY NAGAR,BOTTLE GOURD,"2,000","2,000","2,000",10-09-2025
RAJASTHAN,BIJAY NAGAR,BEANS -CLUSTER,"1,500","2,000","2,000",10-09-2025
RAJASTHAN,BIJAY NAGAR,BITTER GOURD,"2,000","2,000","2,000",10-09-2025
RAJASTHAN,BIKANER F AND V,ORANGE,"5,000","5,000","5,000",10-09-2025
RAJASTHAN,BIKANER F AND V,CARROT,"1,590","1,590","1,600",10-09-2025
RAJASTHAN,CHAKSU,BARLEY (JAU),"2,100","2,100","2,100",10-09-2025
RAJASTHAN,DOONI,BAJRA,"2,100","2,179","2,179",10-09-2025
RAJASTHAN,JALORE,BEETROOT,"2,400","2,400","2,400",10-09-2025
RAJASTHAN,JALORE,CORIANDER LEAVES,"2,800","4,000","4,000",10-09-2025
RAJASTHAN,JALORE,LEMON,"1,500","1,800","1,800",10-09-2025
RAJASTHAN,JALORE,RIDGE GOURD (TURAI),"3,500","3,500","3,500",10-09-2025
RAJASTHAN,MALPURA,CUMMIN,"16,600","16,600","16,600",10-09-2025
RAJASTHAN,NADBAI,BARLEY (JAU),"2,100","2,100","2,100",10-09-2025
RAJASTHAN,NIWAI,BAJRA,"2,330","2,330","2,330",10-09-2025
RAJASTHAN,PILIBANGA,GUAR SEEDS,"4,725","4,725","4,725",10-09-2025
RAJASTHAN,RAWLA,CHANA (BENGAL GRAM),"5,655","5,655","5,655",10-09-2025
RAJASTHAN,SIKAR,BEANS -CLUSTER,"6,000","6,500","6,500",10-09-2025
RAJASTHAN,SIKAR,SPINACH (PALAK),"1,500","1,700","1,700",10-09-2025
TAMIL NADU,AVALURPET,URAD (BLACK GRAM),"4,059","6,069","6,069",10-09-2025
TAMIL NADU,CHEYYAR,COPRA,"19,200","19,900","19,900",10-09-2025
TAMIL NADU,CUMBUM,GINGILY (SESAME SEED)- BLACK,"12,800","12,800","12,800",10-09-2025
TAMIL NADU,GINGEE,URAD (BLACK GRAM),"6,400","6,400","6,400",10-09-2025
TAMIL NADU,GINGEE,RAGI-LOCAL,"3,053","3,053","3,053",10-09-2025
TAMIL NADU,GINGEE,GINGELLY_80 KG(TN),"8,567","8,567","8,567",10-09-2025
TAMIL NADU,KALLAKURICHI,GROUNDNUT KERNEL_80 KG(TN),"10,688","10,688","10,688",10-09-2025
TAMIL NADU,MANALURPET,GROUNDNUT TJ,"7,227","7,227","7,227",10-09-2025
TAMIL NADU,RAJAPALAYAM,COPRA,"15,000","21,000","21,000",10-09-2025
TAMIL NADU,SEMBANARKOIL,COTTON,"7,829","7,829","7,829",10-09-2025
TAMIL NADU,VELLAKOIL,COPRA,"19,025","19,025","19,025",10-09-2025
TAMIL NADU,VELLORE,GROUNDNUT KERNEL_80 KG(TN),"10,148","10,278","10,612",10-09-2025
TAMIL NADU,VIKIRAVANDI,GINGELLY_80 KG(TN),"4,524","7,087","9,517",10-09-2025
TELANGANA,SADASIVPET,URAD (BLACK GRAM),"6,665","6,665","6,665",10-09-2025
TELANGANA,WARANGAL,ARHAR WHOLE / TUR (RED GRAM),"5,533","5,533","5,859",10-09-2025
UTTAR PRADESH,AZAMGARH,RIDGE GOURD (TURAI),"1,000","1,000","1,000",10-09-2025
UTTAR PRADESH,CHANDAULI,BOTTLE GOURD,"1,350","1,350","1,350",10-09-2025
UTTAR PRADESH,CHANDAULI,RIDGE GOURD (TURAI),"1,360","1,360","1,360",10-09-2025
UTTAR PRADESH,CHANDAULI,BRINJAL,"1,400","1,400","1,400",10-09-2025
UTTAR PRADESH,HARDOI,BOTTLE GOURD,"1,000","1,000","1,000",10-09-2025
UTTAR PRADESH,HARDOI,BITTER GOURD,"1,000","1,000","1,000",10-09-2025
UTTAR PRADESH,HATHRAS,CAULIFLOWER,"1,420","1,420","1,420",10-09-2025
UTTAR PRADESH,HATHRAS,CABBAGE,"1,310","1,310","1,310",10-09-2025
UTTAR PRADESH,PALIA KALAN,GINGER,"3,000","3,000","3,000",10-09-2025
UTTAR PRADESH,PALIA KALAN,TOMATO,"2,850","2,850","2,850",10-09-2025
UTTAR PRADESH,PRATAPGARH,CAULIFLOWER,"2,200","2,200","2,200",10-09-2025
UTTAR PRADESH,SADABAD APMC,CAULIFLOWER,"1,503","1,503","1,503",10-09-2025
UTTAR PRADESH,VARANASI,BOTTLE GOURD,"1,110","1,110","1,110",10-09-2025
UTTARAKHAND,BHAGWANPUR,BOTTLE GOURD,800,800,800,10-09-2025
UTTARAKHAND,HALDWANI,RIDGE GOURD (TURAI),920,920,920,10-09-2025
UTTARAKHAND,JASPUR,BITTER GOURD,"1,400","1,400","1,400",10-09-2025
UTTARAKHAND,JASPUR,CUCUMBER,"1,100","1,100","1,100",10-09-2025
UTTARAKHAND,JASPUR,BRINJAL,"1,200","1,200","1,200",10-09-2025
UTTARAKHAND,JASPUR,RIDGE GOURD (TURAI),"1,400","1,400","1,400",10-09-2025
UTTARAKHAND,KHATIMA,RIDGE GOURD (TURAI),"1,400","1,400","1,400",10-09-2025
UTTARAKHAND,RAMNAGAR,RIDGE GOURD (TURAI),"1,600","1,600","1,600",10-09-2025
UTTARAKHAND,RISHIKESH,BITTER GOURD,"1,455","1,455","1,455",10-09-2025
UTTARAKHAND,RISHIKESH,BOTTLE GOURD,"1,480","1,480","1,480",10-09-2025
UTTARAKHAND,RISHIKESH,ARBI (COLACASIA),"2,100","2,100","2,100",10-09-2025
UTTARAKHAND,SITARGANJ,RIDGE GOURD (TURAI),"1,800","1,800","1,800",10-09-2025
WEST BENGAL,NAKASHIPARA KRISHAK BAZAR,TUBEROSE,"18,150","18,200","18,200",10-09-2025
GUJARAT,DHARI,GINGILY (SESAME SEED)- WHITE,"7,450","7,450","7,450",10-09-2025
GUJARAT,DHARI,SOYABEANS,"3,935","3,935","3,935",10-09-2025
GUJARAT,KAPADWANJ,WHEAT,"2,580","2,600","2,600",10-09-2025
GUJARAT,VISAVADAR,CHANA BENGAL GRAM-DOLLAR,"4,860","4,860","4,860",10-09-2025
HARYANA,BARWALA HISAR,CAPSICUM,"7,000","7,000","7,000",10-09-2025
HARYANA,BARWALA HISAR,LEMON,"5,000","5,000","5,000",10-09-2025
HARYANA,BARWALA HISAR,SPINACH (PALAK),"3,000","3,000","3,000",10-09-2025
HARYANA,BARWALA HISAR,GINGER,"10,000","10,000","10,000",10-09-2025
HARYANA,BARWALA PANCHKULA APMC,PEAS GREEN,"10,000","10,000","10,000",10-09-2025
HARYANA,BARWALA PANCHKULA APMC,GINGER,"5,000","5,000","5,000",10-09-2025
HARYANA,BARWALA PANCHKULA APMC,LEMON,"5,000","5,000","5,000",10-09-2025
HARYANA,BARWALA PANCHKULA APMC,CORIANDAR,"8,000","8,000","8,000",10-09-2025
HARYANA,CH DADRI,GRAPES,"14,000","14,000","14,000",10-09-2025
HARYANA,CH DADRI,PINE APPLE,"4,000","5,000","5,000",10-09-2025
HARYANA,CH DADRI,CARROT,"3,000","3,000","3,000",10-09-2025
HARYANA,CH DADRI,LEMON,"4,000","4,000","4,000",10-09-2025
HARYANA,CHHACHHRAULI,GINGER,"5,000","5,000","5,000",10-09-2025
HARYANA,CHHACHHRAULI,GREEN CHILLI,"4,000","5,500","5,500",10-09-2025
HARYANA,CHHACHHRAULI,BANANA OTHERS,"3,300","3,300","3,300",10-09-2025
HARYANA,DABWALI,GRAPES,"17,163","17,163","17,163",10-09-2025
HARYANA,DABWALI,CAPSICUM,"3,500","3,500","3,500",10-09-2025
HARYANA,DABWALI,CORIANDER,"8,000","8,000","8,000",10-09-2025
HARYANA,DABWALI,LEMON,"4,500","4,500","4,500",10-09-2025
HARYANA,DABWALI,CHIKOOS,"6,448","6,448","6,448",10-09-2025
HARYANA,DABWALI,SWEET CORN,"2,000","2,000","2,000",10-09-2025
HARYANA,ELLANABAD,GINGER,"3,500","4,000","4,000",10-09-2025
HARYANA,ELLANABAD,BRINJAL,"2,500","2,500","2,500",10-09-2025
HARYANA,ELLANABAD,CAPSICUM,"4,500","5,500","5,500",10-09-2025
HARYANA,ELLANABAD,PLUM,"4,500","4,500","4,500",10-09-2025
HARYANA,ELLANABAD,POINTED GOURD (PARWAL),"2,500","2,500","2,500",10-09-2025
HARYANA,ELLANABAD,SPINACH (PALAK),"1,000","1,000","1,000",10-09-2025
HARYANA,ELLANABAD,GRAPES,"18,000","18,000","18,000",10-09-2025
HARYANA,FARIDABAD,GRAPES,"7,500","7,500","7,500",10-09-2025
HARYANA,FARIDABAD,GINGER,"3,500","3,500","3,500",10-09-2025
HARYANA,FARIDABAD,CARROT,"1,800","1,800","1,800",10-09-2025
HARYANA,FARIDABAD,LEMON,"3,500","3,500","3,500",10-09-2025
HARYANA,FEROZPUR JHIRKA APMC,LEMON,"3,000","3,000","3,000",10-09-2025
HARYANA,FEROZPUR JHIRKA APMC,CHILLI-DESI,"3,000","3,000","3,000",10-09-2025
HARYANA,FEROZPUR JHIRKA APMC,GINGER,"5,000","5,000","5,000",10-09-2025
HARYANA,FEROZPUR JHIRKA APMC,ARBI (COLACASIA),"2,000","2,000","2,000",10-09-2025
HARYANA,FEROZPUR JHIRKA APMC,RADDISH,"1,200","1,200","1,200",10-09-2025
HARYANA,HANSI,PEAS GREEN,"15,000","15,000","15,000",10-09-2025
HARYANA,LADWA,LADY FINGER,650,650,650,10-09-2025
HARYANA,LADWA,BRINJAL,680,680,680,10-09-2025
HARYANA,NARAINGARH APMC,BITTER GOURD,"4,000","4,000","4,000",10-09-2025
HARYANA,NARAINGARH APMC,CARROT,"2,000","2,000","2,000",10-09-2025
HARYANA,NARAINGARH APMC,FRENCH BEAN,"7,000","7,000","7,000",10-09-2025
HARYANA,NARAINGARH APMC,PUMPKIN,"1,000","1,000","1,000",10-09-2025
HARYANA,PANIPAT,PEAR,"1,050","1,050","1,050",10-09-2025
HARYANA,PANIPAT,WATER MELON,950,950,950,10-09-2025
HARYANA,PUNDRI,SPINACH (PALAK),"1,900","1,900","1,900",10-09-2025
HARYANA,SADHAURA APMC,ARBI (COLACASIA),"2,000","2,000","2,000",10-09-2025
HARYANA,SADHAURA APMC,BANANA,"3,000","3,000","3,000",10-09-2025
HARYANA,SADHAURA APMC,GINGER,"4,000","4,000","4,000",10-09-2025
HARYANA,SADHAURA APMC,CAPSICUM,"5,000","5,000","5,000",10-09-2025
HARYANA,SHAHZADPUR APMC,LADY FINGER,"3,000","3,000","3,000",10-09-2025
HARYANA,SHAHZADPUR APMC,ONION,"1,000","1,000","1,000",10-09-2025
HARYANA,SHAHZADPUR APMC,PUMPKIN,"1,500","1,500","1,500",10-09-2025
HARYANA,SHAHZADPUR APMC,BOTTLE GOURD,"3,000","3,000","3,000",10-09-2025
HARYANA,SHAHZADPUR APMC,ARBI (COLACASIA),"3,000","3,000","3,000",10-09-2025
HARYANA,SIRSA,CORIANDER,"2,600","3,000","3,000",10-09-2025
HARYANA,SIRSA,ORANGE,"3,800","3,800","3,800",10-09-2025
HARYANA,SIWAN,BRINJAL,"1,700","1,700","1,700",10-09-2025
HARYANA,SOHNA,GINGER,"5,000","5,000","5,000",10-09-2025
HARYANA,SOHNA,POINTED GOURD (PARWAL),"2,500","2,500","2,500",10-09-2025
HARYANA,TAURU APMC,ARBI (COLACASIA),"3,000","3,000","3,000",10-09-2025
HARYANA,TAURU APMC,GREEN CHILLI,"3,000","3,000","3,000",10-09-2025
HARYANA,TAURU APMC,LADY FINGER,"3,000","3,000","3,000",10-09-2025
HARYANA,THANESAR,PEAR,"6,000","6,000","6,000",10-09-2025
HIMACHAL PRADESH,BAIJNATH,CORIANDAR,"25,000","25,000","25,000",10-09-2025
HIMACHAL PRADESH,BAIJNATH,CUCUMBER,"4,200","4,200","4,200",10-09-2025
HIMACHAL PRADESH,BAIJNATH,BOTTLE GOURD,"6,100","6,100","6,100",10-09-2025
HIMACHAL PRADESH,BAIJNATH,GREEN CHILLI,"5,300","5,300","5,300",10-09-2025
HIMACHAL PRADESH,CHAMBA,CAPSICUM,"4,200","4,200","4,200",10-09-2025
HIMACHAL PRADESH,DHARAMSHALA,CAULIFLOWER,"6,000","6,000","6,000",10-09-2025
HIMACHAL PRADESH,KANGRA,CUCUMBER,"3,500","3,500","3,500",10-09-2025
HIMACHAL PRADESH,UNA,PEAS GREEN,"15,000","15,000","15,000",10-09-2025
MADHYA PRADESH,BERASIA,MOONG WHOLE (GREEN GRAM),"3,550","3,550","3,550",10-09-2025
PUDUCHERRY,THATTANCHAVADY,PADDY ADT-45(TN),"1,867","1,867","1,867",10-09-2025
RAJASTHAN,AABU ROAD,BOTTLE GOURD,"3,000","3,000","3,000",10-09-2025
RAJASTHAN,AABU ROAD,ARBI (COLACASIA),"1,800","1,800","1,800",10-09-2025
RAJASTHAN,AABU ROAD,RADDISH,"3,000","3,000","3,000",10-09-2025
RAJASTHAN,AABU ROAD,CUSTARD APPLE,"6,000","6,000","6,000",10-09-2025
RAJASTHAN,AABU ROAD,MINT LEAVES,"3,000","3,000","3,000",10-09-2025
RAJASTHAN,AABU ROAD,RIDGE GOURD (TURAI),"2,900","2,900","2,900",10-09-2025
RAJASTHAN,AJMER F AND V,TINDA,"2,100","2,100","2,102",10-09-2025
RAJASTHAN,AJMER F AND V,GRAPES,"6,000","6,000","6,000",10-09-2025
RAJASTHAN,BHAGAT KI KOTHI,BAJRA,"2,550","2,550","2,550",10-09-2025
RAJASTHAN,BIJAY NAGAR,GUAVA,"2,000","2,000","2,000",10-09-2025
RAJASTHAN,BIJAY NAGAR,BRINJAL,"2,100","2,100","2,100",10-09-2025
RAJASTHAN,BIKANER F AND V,FENUGREEK (HARI METHI),"2,000","2,000","2,000",10-09-2025
RAJASTHAN,BIKANER F AND V,GRAPES,"5,900","5,900","5,900",10-09-2025
RAJASTHAN,BIKANER F AND V,BEETROOT,"2,000","2,000","2,000",10-09-2025
RAJASTHAN,BIKANER F AND V,IVY GOURD (KUNDRU),"1,000","1,000","1,000",10-09-2025
RAJASTHAN,BIKANER F AND V,MINT LEAVES,"2,450","2,450","2,450",10-09-2025
RAJASTHAN,BIKANER F AND V,MUSK MELON,"2,000","2,000","2,000",10-09-2025
RAJASTHAN,BIKANER F AND V,PAPAYA,"3,000","3,000","3,000",10-09-2025
RAJASTHAN,CHAKSU,GUAR SEEDS,"4,700","4,700","4,700",10-09-2025
RAJASTHAN,GOLUWALA,GUAR SEEDS,"4,600","4,600","4,600",10-09-2025
RAJASTHAN,KEKRI,CHANA (BENGAL GRAM),"5,121","5,121","5,121",10-09-2025
RAJASTHAN,KHANPUR,LINSEED,"7,200","7,200","7,200",10-09-2025
RAJASTHAN,PHALODI,GUAR SEEDS,"5,110","5,110","5,110",10-09-2025
RAJASTHAN,RAJSAMAND,SPINACH (PALAK),"1,400","1,400","1,400",10-09-2025
RAJASTHAN,RAJSAMAND,LADY FINGER,"2,300","2,300","2,300",10-09-2025
RAJASTHAN,RAJSAMAND,CAULIFLOWER,"2,300","2,300","2,300",10-09-2025
RAJASTHAN,RAJSAMAND,GREEN CHILLI,"1,300","1,300","1,300",10-09-2025
RAJASTHAN,RAJSAMAND,PUMPKIN,650,650,650,10-09-2025
RAJASTHAN,SADULSHAHAR,CHANA GRAM,"5,200","5,200","5,200",10-09-2025
RAJASTHAN,SIKAR,MINT LEAVES,"3,000","3,000","3,000",10-09-2025
RAJASTHAN,SIKAR,LOBIA PODS,"8,600","8,600","8,600",10-09-2025
RAJASTHAN,SRIKARANPUR,GUAR SEEDS,"4,800","4,800","4,800",10-09-2025
TAMIL NADU,AMMOOR,COPRA_80 KG(TN),"18,000","18,000","18,000",10-09-2025
TAMIL NADU,AVALURPET,NEEM SEED,"3,449","3,449","7,299",10-09-2025
TAMIL NADU,CHETPET,COWPEA WHITE,"6,351","6,351","6,351",10-09-2025
TAMIL NADU,CHETPET,RAGI-LOCAL,"2,830","2,830","2,830",10-09-2025
TAMIL NADU,CHETPET,DRY CHILLY_10 KG(TN),"1,700","23,600","23,600",10-09-2025
TAMIL NADU,CHEYYAR,GREEN GRAM,"7,426","7,598","7,598",10-09-2025
TAMIL NADU,CHEYYAR,CHILLIES,"10,100","10,100","10,100",10-09-2025
TAMIL NADU,CHEYYAR,URAD (BLACK GRAM),"5,698","5,698","5,698",10-09-2025
TAMIL NADU,CHEYYAR,COWPEA RED,"5,746","6,219","6,872",10-09-2025
TAMIL NADU,CUDDALORE OT,GINGELLY_80 KG(TN),"11,048","11,048","11,048",10-09-2025
TAMIL NADU,CUMBUM,COPRA,"18,500","18,500","18,500",10-09-2025
TAMIL NADU,GINGEE,COPRA_80 KG(TN),"14,063","14,063","14,063",10-09-2025
TAMIL NADU,KADAYANALLUR,COCONUT DEHUSKED IN QUINTAL,"6,650","6,650","6,650",10-09-2025
TAMIL NADU,KADAYANALLUR,COPRA,"23,000","23,000","23,000",10-09-2025
TAMIL NADU,KILPENNATHUR,COPRA_80 KG(TN),"14,313","14,313","14,313",10-09-2025
TAMIL NADU,KILPENNATHUR,NEEM SEED,"3,441","3,441","7,069",10-09-2025
TAMIL NADU,KURUNJIPADY,GINGELLY_80 KG(TN),"6,319","6,319","6,319",10-09-2025
TAMIL NADU,MANALURPET,BAJRA,"2,650","2,650","2,650",10-09-2025
TAMIL NADU,PANRUTI,GINGELLY_80 KG(TN),"5,912","5,912","5,912",10-09-2025
TAMIL NADU,POCHAMPALLI,COTTON,"6,000","6,000","6,000",10-09-2025
TAMIL NADU,SRIMUSHNAM,COPRA_80 KG(TN),"14,787","20,362","20,362",10-09-2025
TAMIL NADU,SRIMUSHNAM,GROUNDNUT KERNEL_80 KG(TN),"9,862","9,862","9,862",10-09-2025
TAMIL NADU,THIRUKOVILUR,GREEN GRAM,"6,359","6,359","6,359",10-09-2025
TAMIL NADU,THIRUMANGALAM,CHANA GRAM,"9,800","9,800","9,800",10-09-2025
TAMIL NADU,THIRUMANGALAM,GREEN GRAM,"10,850","10,850","10,850",10-09-2025
TAMIL NADU,THIRUPATHUR,COPRA,"15,000","15,000","15,000",10-09-2025
TAMIL NADU,ULUNDURPETTAI,COWPEA RED,"2,888","2,888","2,888",10-09-2025
TAMIL NADU,VANDAVASI,URAD (BLACK GRAM),"6,033","6,033","6,033",10-09-2025
TAMIL NADU,VELLORE,GINGELLY_80 KG(TN),"8,300","8,300","8,300",10-09-2025
TAMIL NADU,VELLORE,CHILLIES,"9,520","11,269","11,269",10-09-2025
TAMIL NADU,VELLORE,HORSEGRAM,"2,909","2,909","2,909",10-09-2025
TAMIL NADU,VIKIRAVANDI,RAGI-LOCAL,"3,809","3,809","3,809",10-09-2025
TAMIL NADU,VIKIRAVANDI,COPRA_80 KG(TN),"14,629","14,629","14,629",10-09-2025
TAMIL NADU,VIKIRAVANDI,MOTH,"4,169","4,169","4,169",10-09-2025
TELANGANA,BHAINSA,SOYA-YELLOW,"4,343","4,343","4,343",10-09-2025
TELANGANA,JAGTIAL,SESAME SEED,"8,566","8,566","8,566",10-09-2025
TELANGANA,NIZAMABAD,TURMERIC CHURA,"8,000","8,000","8,209",10-09-2025
TELANGANA,SADASIVPET,GREEN GRAM,"5,275","5,275","5,275",10-09-2025
TELANGANA,ZAHEERABAD,SUNFLOWER,"4,650","4,650","4,650",10-09-2025
UTTAR PRADESH,AZAMGARH,BRINJAL,"1,030","1,030","1,030",10-09-2025
UTTAR PRADESH,AZAMGARH,PUMPKIN,"1,020","1,020","1,020",10-09-2025
UTTAR PRADESH,AZAMGARH,LADY FINGER,"1,000","1,000","1,000",10-09-2025
